Student_ID,Roll_Number,Student_Name,Gender,Admission_Year,Section,Discrete_Mathematics_Total,Computer_Org_Architecture_Total,OOP_Java_Total,Database_Management_Systems_Total,Operating_Systems_Total,OOP_Lab_Java_Total,DBMS_Lab_Total,Discrete_Mathematics_Grade,Computer_Org_Architecture_Grade,OOP_Java_Grade,Database_Management_Systems_Grade,Operating_Systems_Grade,OOP_Lab_Java_Grade,DBMS_Lab_Grade,Attendance_Avg_Pct,SGPA,CGPA,Current_Backlogs
ST0001,BT2023001,Jasmine Shah,Female,2023,A,59.5,60.1,54.0,52.9,54.1,53.6,53.2,B,B+,B,B,B,B,B,78.4,6.14,6.05,0
ST0002,BT2023002,Kunal Bhatia,Male,2023,A,66.9,70.4,73.2,59.6,74.9,70.6,69.4,B+,A,A,B,A,A,B+,82.2,7.43,7.48,0
ST0003,BT2023003,Dhyan Dubey,Male,2023,A,48.8,58.5,47.1,62.5,51.2,55.4,57.8,C,B,C,B+,B,B,B,80.0,5.86,5.86,0
ST0004,BT2023004,Kritika Walia,Female,2023,A,40.2,48.0,46.5,41.8,43.0,60.9,40.9,D,C,C,D,D,B+,D,82.0,4.71,3.71,0
ST0005,BT2023005,Pulkit Ansari,Male,2023,A,79.1,79.2,72.7,81.9,82.1,86.3,88.2,A,A,A,A+,A+,A+,A+,90.1,8.57,8.47,0
ST0006,BT2023006,Ishan Jain,Male,2023,A,56.6,50.1,51.6,57.4,48.3,60.2,58.3,B,B,B,B,C,B+,B,88.1,6.0,5.9,0
ST0007,BT2023007,Kritika Jain,Female,2023,A,58.4,53.6,70.7,68.3,72.1,67.4,68.2,B,B,A,B+,A,B+,B+,83.5,7.0,7.24,0
ST0008,BT2023008,Paras Thakur,Male,2023,A,58.7,68.4,61.9,61.7,68.9,68.2,75.8,B,B+,B+,B+,B+,B+,A,79.3,7.0,7.33,0
ST0009,BT2023009,Komal Walia,Female,2023,A,58.2,64.5,68.0,57.4,62.1,68.9,72.4,B,B+,B+,B,B+,B+,A,77.8,6.86,7.14,0
ST0010,BT2023010,Rachit Aggarwal,Male,2023,A,62.5,64.5,73.8,61.5,69.9,65.2,74.4,B+,B+,A,B+,B+,B+,A,77.1,7.29,7.29,0
ST0011,BT2023011,Kavya Khanna,Female,2023,A,86.6,85.8,78.5,88.7,74.7,80.1,81.7,A+,A+,A,A+,A,A+,A+,83.4,8.71,8.66,0
ST0012,BT2023012,Jatin Mehta,Male,2023,A,85.8,80.3,84.6,68.0,74.0,77.7,82.3,A+,A+,A+,B+,A,A,A+,76.1,8.43,8.57,0
ST0013,BT2023013,Sunita Shukla,Female,2023,A,81.6,82.9,83.5,78.1,73.9,79.4,78.9,A+,A+,A+,A,A,A,A,81.5,8.43,8.57,0
ST0014,BT2023014,Prachi Shah,Female,2023,A,73.5,64.0,71.9,62.0,71.5,66.1,75.3,A,B+,A,B+,A,B+,A,84.8,7.57,7.38,0
ST0015,BT2023015,Riya Narang,Female,2023,A,31.5,38.4,28.9,38.2,37.7,54.4,61.8,F,F,F,F,F,B,B+,80.6,1.86,3.14,5
ST0016,BT2023016,Pranav Chauhan,Male,2023,A,76.9,70.9,76.3,80.5,77.1,70.5,74.4,A,A,A,A+,A,A,A,86.0,8.14,7.38,0
ST0017,BT2023017,Anvi Thakur,Female,2023,A,42.8,44.8,37.5,43.6,37.2,43.5,40.8,D,D,F,D,F,D,D,80.8,2.86,3.48,2
ST0018,BT2023018,Rohan Saxena,Male,2023,A,61.9,73.3,83.3,71.6,68.2,78.1,59.5,B+,A,A+,A,B+,A,B,77.8,7.57,7.38,0
ST0019,BT2023019,Aditya Hussain,Male,2023,A,51.9,43.6,57.7,56.5,49.1,58.0,48.2,B,D,B,B,C,B,C,79.7,5.43,5.62,0
ST0020,BT2023020,Komal Reddy,Female,2023,A,40.2,38.9,34.9,44.3,34.8,46.2,43.9,D,F,F,D,F,C,D,81.7,2.43,1.81,3
ST0021,BT2023021,Shivam Mittal,Male,2023,A,73.9,73.1,72.8,79.3,70.3,72.8,75.4,A,A,A,A,A,A,A,86.8,8.0,7.71,0
ST0022,BT2023022,Parth Jindal,Male,2023,A,62.2,49.3,58.5,56.8,55.7,60.3,64.2,B+,C,B,B,B,B+,B+,81.9,6.29,6.14,0
ST0023,BT2023023,Abhinav Chatterjee,Male,2023,A,53.6,54.2,56.4,67.6,58.8,66.0,49.8,B,B,B,B+,B,B+,C,85.8,6.14,6.05,0
ST0024,BT2023024,Amit Jain,Male,2023,A,85.6,86.6,92.6,84.5,84.4,72.6,83.2,A+,A+,O,A+,A+,A,A+,78.6,9.0,8.67,0
ST0025,BT2023025,Laxmi Solanki,Female,2023,A,83.1,75.3,76.5,86.4,86.3,81.1,73.6,A+,A,A,A+,A+,A+,A,74.6,8.57,8.62,0
ST0026,BT2023026,Ritika Narang,Female,2023,A,67.7,60.5,58.5,65.6,67.0,68.8,65.0,B+,B+,B,B+,B+,B+,B+,76.0,6.86,7.15,0
ST0027,BT2023027,Shreya Rastogi,Female,2023,A,72.4,60.3,74.8,61.2,74.7,66.3,74.8,A,B+,A,B+,A,B+,A,85.6,7.57,7.43,0
ST0028,BT2023028,Madhav Mukherjee,Male,2023,A,62.9,78.8,75.1,65.5,72.7,74.2,72.4,B+,A,A,B+,A,A,A,86.1,7.71,7.52,0
ST0029,BT2023029,Suresh Chaudhary,Male,2023,A,46.7,59.1,64.6,57.8,50.0,62.6,59.6,C,B,B+,B,B,B+,B,69.8,6.14,5.76,0
ST0030,BT2023030,Dinesh Thakur,Male,2023,A,68.1,52.0,60.0,60.1,42.3,53.8,58.2,B+,B,B+,B+,D,B,B,85.6,6.14,6.09,0
ST0031,BT2023031,Hemant Bajpai,Male,2023,A,73.2,63.4,78.2,69.5,72.7,69.7,58.3,A,B+,A,B+,A,B+,B,85.3,7.29,7.19,0
ST0032,BT2023032,Govind Aggarwal,Male,2023,A,42.6,50.7,46.1,46.8,42.0,51.5,33.6,D,B,C,C,D,B,F,83.1,4.29,3.38,1
ST0033,BT2023033,Isha Chopra,Female,2023,A,68.2,59.6,75.9,63.1,71.5,64.2,70.5,B+,B,A,B+,A,B+,A,73.8,7.29,7.38,0
ST0034,BT2023034,Omkar Bhatt,Male,2023,A,48.6,59.1,67.6,54.7,52.2,47.3,57.0,C,B,B+,B,B,C,B,69.6,5.86,5.91,0
ST0035,BT2023035,Vipul Arora,Male,2023,A,47.9,48.0,42.8,40.2,57.1,46.1,45.3,C,C,D,D,B,C,C,84.3,4.86,3.95,0
ST0036,BT2023036,Jay Mishra,Male,2023,A,82.9,73.3,84.6,80.0,76.7,81.8,77.3,A+,A,A+,A+,A,A+,A,77.6,8.57,8.47,0
ST0037,BT2023037,Garima Sen,Female,2023,A,58.0,57.0,34.1,42.8,56.7,39.5,40.1,B,B,F,D,B,F,D,77.8,3.71,3.38,2
ST0038,BT2023038,Ekta Chatterjee,Female,2023,A,84.7,82.0,77.3,86.2,76.3,82.6,81.8,A+,A+,A,A+,A,A+,A+,82.1,8.71,8.57,0
ST0039,BT2023039,Preeti Roy,Female,2023,A,86.2,75.0,80.5,74.6,90.0,79.6,84.5,A+,A,A+,A,O,A,A+,80.0,8.71,8.48,0
ST0040,BT2023040,Piyush Kumar,Male,2023,A,59.6,53.8,67.3,52.2,57.1,52.2,61.0,B,B,B+,B,B,B,B+,85.0,6.29,6.24,0
ST0041,BT2023041,Madhuri Nair,Female,2023,A,60.4,49.2,60.8,57.5,56.7,49.6,66.3,B+,C,B+,B,B,C,B+,74.6,6.14,6.09,0
ST0042,BT2023042,Tarun Malhotra,Male,2023,A,63.8,43.4,51.7,47.6,39.9,50.9,46.0,B+,D,B,C,F,B,C,77.1,4.71,3.71,1
ST0043,BT2023043,Deepika Aggarwal,Female,2023,A,58.8,64.8,57.9,50.3,51.2,58.1,69.1,B,B+,B,B,B,B,B+,87.6,6.29,6.14,0
ST0044,BT2023044,Dhyan Bhatia,Male,2023,A,78.5,79.8,67.6,71.0,78.3,60.1,64.6,A,A,B+,A,A,B+,B+,72.5,7.57,7.38,0
ST0045,BT2023045,Sonam Nair,Female,2023,A,61.5,54.5,56.5,57.1,64.4,50.8,56.0,B+,B,B,B,B+,B,B,74.0,6.29,5.95,0
ST0046,BT2023046,Lalit Chakraborty,Male,2023,A,39.5,53.2,29.2,29.4,38.3,48.6,47.9,F,B,F,F,F,C,C,84.3,2.29,1.43,4
ST0047,BT2023047,Divya Ahmed,Female,2023,A,33.5,47.0,37.4,52.6,40.0,45.3,51.2,F,C,F,B,D,C,B,82.3,3.71,3.24,2
ST0048,BT2023048,Riddhi Goyal,Female,2023,A,57.7,55.4,51.6,50.4,57.5,57.3,49.9,B,B,B,B,B,B,C,82.0,5.86,6.33,0
ST0049,BT2023049,Sunita Rastogi,Female,2023,A,68.6,62.3,71.0,75.5,69.6,72.2,74.6,B+,B+,A,A,B+,A,A,79.4,7.57,7.29,0
ST0050,BT2023050,Sangeeta Bansal,Female,2023,A,71.1,72.9,71.6,62.7,67.7,67.3,71.3,A,A,A,B+,B+,B+,A,89.7,7.57,7.14,0
ST0051,BT2023051,Noor Chauhan,Female,2023,A,53.7,57.2,64.7,69.3,63.6,64.0,68.8,B,B,B+,B+,B+,B+,B+,83.9,6.71,6.33,0
ST0052,BT2023052,Jasmine Nair,Female,2023,A,74.6,82.0,78.6,82.3,73.9,79.8,87.6,A,A+,A,A+,A,A,A+,78.7,8.43,8.57,0
ST0053,BT2023053,Parth Singhal,Male,2023,A,77.0,63.6,72.5,70.3,73.6,66.8,69.8,A,B+,A,A,A,B+,B+,78.6,7.57,7.43,0
ST0054,BT2023054,Ashish Sharma,Male,2023,A,62.3,70.9,71.2,82.5,64.8,72.2,80.3,B+,A,A,A+,B+,A,A+,75.8,8.0,7.57,0
ST0055,BT2023055,Miraya Bansal,Female,2023,A,75.7,67.2,72.2,69.9,68.9,77.6,70.3,A,B+,A,B+,B+,A,A,78.6,7.57,7.38,0
ST0056,BT2023056,Aman Rajput,Male,2023,A,52.8,55.5,43.8,59.4,66.2,46.2,57.4,B,B,D,B,B+,C,B,83.1,5.71,6.14,0
ST0057,BT2023057,Noor Chakraborty,Female,2023,A,69.4,66.8,67.0,65.9,67.3,73.6,71.0,B+,B+,B+,B+,B+,A,A,71.6,7.29,7.19,0
ST0058,BT2023058,Hemant Garg,Male,2023,A,63.7,59.3,50.5,53.5,65.9,58.5,66.2,B+,B,B,B,B+,B,B+,84.3,6.43,6.19,0
ST0059,BT2023059,Priya Saxena,Female,2023,A,44.0,50.8,37.6,41.6,35.8,31.8,34.3,D,B,F,D,F,F,F,75.8,2.0,3.19,4
ST0060,BT2023060,Aarav Qureshi,Male,2023,A,64.6,61.0,57.0,59.7,41.9,64.6,46.2,B+,B+,B,B,D,B+,C,77.3,6.0,5.86,0
ST0061,BT2023061,Aaradhya Rajput,Female,2023,A,48.0,44.0,49.4,53.5,59.2,61.3,54.3,C,D,C,B,B,B+,B,80.8,5.57,5.95,0
ST0062,BT2023062,Falak Kohli,Female,2023,A,63.0,71.0,51.9,61.8,57.3,55.3,56.3,B+,A,B,B+,B,B,B,76.3,6.57,6.24,0
ST0063,BT2023063,Muskan Walia,Female,2023,A,56.5,56.0,62.3,59.2,58.3,43.9,71.4,B,B,B+,B,B,D,A,79.7,6.14,6.24,0
ST0064,BT2023064,Esha Gupta,Female,2023,A,58.7,54.8,61.8,56.6,55.8,68.1,54.5,B,B,B+,B,B,B+,B,80.9,6.29,6.48,0
ST0065,BT2023065,Tarun Joshi,Male,2023,A,62.6,68.0,62.1,78.3,60.7,67.1,60.2,B+,B+,B+,A,B+,B+,B+,80.9,7.14,7.47,0
ST0066,BT2023066,Amit Chakraborty,Male,2023,A,57.8,64.8,57.8,53.8,58.4,60.7,63.3,B,B+,B,B,B,B+,B+,78.3,6.43,6.0,0
ST0067,BT2023067,Indira Bansal,Female,2023,A,45.2,38.2,43.8,49.2,39.5,52.5,39.0,C,F,D,C,F,B,F,81.0,2.86,2.76,3
ST0068,BT2023068,Shivansh Srivastava,Male,2023,A,77.0,65.4,65.8,75.2,60.9,72.7,59.4,A,B+,B+,A,B+,A,B,75.5,7.29,7.43,0
ST0069,BT2023069,Madhuri Thakur,Female,2023,A,57.2,63.7,48.0,52.3,46.3,48.2,60.6,B,B+,C,B,C,C,B+,80.9,5.86,6.14,0
ST0070,BT2023070,Swati Jindal,Female,2023,A,62.5,75.0,56.3,83.1,70.7,61.1,56.6,B+,A,B,A+,A,B+,B,77.7,7.29,7.24,0
ST0071,BT2023071,Akash Pillai,Male,2023,A,52.2,55.7,50.0,50.9,48.6,57.3,58.2,B,B,B,B,C,B,B,72.5,5.86,5.91,0
ST0072,BT2023072,Preeti Thakur,Female,2023,A,69.7,65.9,71.5,64.4,81.1,77.3,71.0,B+,B+,A,B+,A+,A,A,80.0,7.71,7.28,0
ST0073,BT2023073,Laxmi Mehta,Female,2023,A,70.6,71.8,66.2,76.0,67.0,64.0,62.8,A,A,B+,A,B+,B+,B+,76.8,7.43,7.43,0
ST0074,BT2023074,Muskan Sen,Female,2023,A,62.9,80.8,74.6,75.4,69.2,68.2,79.5,B+,A+,A,A,B+,B+,A,81.1,7.71,7.52,0
ST0075,BT2023075,Sahil Hussain,Male,2023,A,75.9,69.0,64.3,55.7,67.3,70.5,61.5,A,B+,B+,B,B+,A,B+,85.1,7.14,7.24,0
ST0076,BT2023076,Saurabh Sood,Male,2023,A,84.3,85.9,85.9,72.2,75.2,80.5,75.3,A+,A+,A+,A,A,A+,A,73.0,8.57,8.52,0
ST0077,BT2023077,Nitesh Qureshi,Male,2023,A,81.0,82.3,85.6,74.5,89.3,86.9,81.0,A+,A+,A+,A,A+,A+,A+,84.3,8.86,8.57,0
ST0078,BT2023078,Varun Jindal,Male,2023,A,32.1,38.0,34.0,32.7,30.0,34.8,44.9,F,F,F,F,F,F,D,77.1,0.57,1.86,6
ST0079,BT2023079,Ananya Jindal,Female,2023,A,49.9,57.7,58.5,61.5,58.6,53.0,59.5,C,B,B,B+,B,B,B,80.7,6.0,6.14,0
ST0080,BT2023080,Hardik Sood,Male,2023,A,67.8,64.4,66.0,67.1,68.9,67.8,69.1,B+,B+,B+,B+,B+,B+,B+,78.4,7.0,7.14,0
ST0081,BT2023081,Siya Verma,Female,2023,A,69.1,63.6,55.6,63.5,63.5,68.8,67.4,B+,B+,B,B+,B+,B+,B+,83.0,6.86,7.05,0
ST0082,BT2023082,Nisha Kohli,Female,2023,A,48.7,55.7,48.5,44.9,42.1,43.4,42.9,C,B,C,D,D,D,D,82.2,4.57,3.9,0
ST0083,BT2023083,Harsh Mishra,Male,2023,A,78.3,81.4,75.3,78.1,84.4,81.4,80.4,A,A+,A,A,A+,A+,A+,78.0,8.57,8.52,0
ST0084,BT2023084,Anjali Mishra,Female,2023,A,63.3,63.2,65.4,72.0,73.9,68.6,75.2,B+,B+,B+,A,A,B+,A,75.1,7.43,7.05,0
ST0085,BT2023085,Nidhi Kapoor,Female,2023,A,82.9,79.6,77.1,83.7,80.8,77.2,83.4,A+,A,A,A+,A+,A,A+,81.4,8.57,8.57,0
ST0086,BT2023086,Vidya Nair,Female,2023,A,62.3,66.7,59.2,50.0,61.3,58.5,70.4,B+,B+,B,B,B+,B,A,85.8,6.71,6.33,0
ST0087,BT2023087,Eklavya Chakraborty,Male,2023,A,50.6,68.8,53.7,50.6,49.3,58.3,60.4,B,B+,B,B,C,B,B+,76.5,6.14,6.05,0
ST0088,BT2023088,Siddharth Saxena,Male,2023,A,89.2,80.9,82.5,79.6,80.6,87.9,78.9,A+,A+,A+,A,A+,A+,A,84.5,8.71,8.43,0
ST0089,BT2023089,Yamini Khanna,Female,2023,A,59.7,48.4,54.9,62.3,56.3,48.2,61.5,B,C,B,B+,B,C,B+,78.0,6.0,6.29,0
ST0090,BT2023090,Noor Das,Female,2023,A,47.4,61.0,53.2,45.3,65.6,53.8,57.3,C,B+,B,C,B+,B,B,78.1,6.0,5.86,0
ST0091,BT2023091,Govind Shah,Male,2023,A,55.1,67.2,48.6,61.3,50.6,46.2,63.7,B,B+,C,B+,B,C,B+,72.5,6.14,6.0,0
ST0092,BT2023092,Eklavya Narang,Male,2023,A,47.4,51.8,57.4,65.0,61.3,63.4,63.9,C,B,B,B+,B+,B+,B+,82.1,6.43,6.29,0
ST0093,BT2023093,Veer Saxena,Male,2023,A,79.0,86.4,79.2,77.2,72.8,77.9,77.4,A,A+,A,A,A,A,A,73.5,8.14,8.29,0
ST0094,BT2023094,Harsh Dixit,Male,2023,A,69.4,82.5,81.2,79.1,82.9,84.9,80.7,B+,A+,A+,A,A+,A+,A+,88.5,8.57,8.57,0
ST0095,BT2023095,Rohan Ali,Male,2023,A,60.5,50.8,53.0,55.4,54.5,56.8,66.9,B+,B,B,B,B,B,B+,80.3,6.29,6.19,0
ST0096,BT2023096,Yamini Narang,Female,2023,A,70.8,59.2,66.1,68.3,69.4,75.0,64.7,A,B,B+,B+,B+,A,B+,79.6,7.14,7.24,0
ST0097,BT2023097,Neeraj Chauhan,Male,2023,A,67.6,66.2,70.6,74.1,63.4,63.6,62.3,B+,B+,A,A,B+,B+,B+,73.4,7.29,7.19,0
ST0098,BT2023098,Riya Singhal,Female,2023,A,62.0,64.9,61.0,62.6,57.1,65.1,58.2,B+,B+,B+,B+,B,B+,B,84.5,6.71,6.28,0
ST0099,BT2023099,Chhaya Mittal,Female,2023,A,69.2,59.4,59.0,52.4,63.1,47.3,48.4,B+,B,B,B,B+,C,C,81.2,6.0,5.95,0
ST0100,BT2023100,Ahaan Saxena,Male,2023,A,66.1,69.9,66.7,65.6,70.4,66.8,72.1,B+,B+,B+,B+,A,B+,A,83.8,7.29,7.19,0
ST0101,BT2023101,Umesh Qureshi,Male,2023,A,32.1,47.4,32.4,40.7,45.3,49.4,38.4,F,C,F,D,C,C,F,85.4,2.71,4.04,3
ST0102,BT2023102,Kunal Sen,Male,2023,A,85.3,84.7,81.1,79.9,81.6,81.1,87.5,A+,A+,A+,A,A+,A+,A+,85.6,8.86,8.67,0
ST0103,BT2023103,Abhishek Nair,Male,2023,A,77.2,80.4,70.2,83.3,82.3,80.5,77.7,A,A+,A,A+,A+,A+,A,70.0,8.57,8.52,0
ST0104,BT2023104,Ravi Rajput,Male,2023,A,54.0,75.8,59.0,73.5,70.9,75.8,67.5,B,A,B,A,A,A,B+,80.3,7.29,7.43,0
ST0105,BT2023105,Indira Chopra,Female,2023,A,47.9,52.1,35.4,46.8,42.2,44.0,51.9,C,B,F,C,D,D,B,83.8,4.29,3.81,1
ST0106,BT2023106,Pari Yadav,Female,2023,A,57.2,53.4,55.0,64.4,59.9,58.0,51.9,B,B,B,B+,B,B,B,73.1,6.14,6.14,0
ST0107,BT2023107,Neha Goel,Female,2023,A,58.4,52.5,60.7,66.8,50.1,47.8,68.6,B,B,B+,B+,B,C,B+,80.6,6.29,5.76,0
ST0108,BT2023108,Akash Verma,Male,2023,A,81.6,79.1,81.9,87.8,85.9,78.5,80.2,A+,A,A+,A+,A+,A,A+,82.4,8.71,8.57,0
ST0109,BT2023109,Ahana Bansal,Female,2023,A,59.5,62.3,62.2,65.2,53.1,55.0,51.8,B,B+,B+,B+,B,B,B,88.9,6.43,6.14,0
ST0110,BT2023110,Pallavi Siddiqui,Female,2023,A,48.6,48.4,32.1,45.0,49.2,45.3,39.6,C,C,F,C,C,C,F,81.0,3.57,3.81,2
ST0111,BT2023111,Ananya Yadav,Female,2023,A,59.3,59.5,54.1,52.7,44.5,61.3,55.2,B,B,B,B,D,B+,B,71.4,5.86,5.95,0
ST0112,BT2023112,Vidya Aggarwal,Female,2023,A,55.0,48.5,57.5,43.4,56.0,44.4,50.9,B,C,B,D,B,D,B,79.0,5.29,5.91,0
ST0113,BT2023113,Noor Goyal,Female,2023,A,75.8,66.7,53.5,68.2,65.1,71.6,60.9,A,B+,B,B+,B+,A,B+,74.5,7.14,7.19,0
ST0114,BT2023114,Parth Khanna,Male,2023,A,72.5,66.7,70.3,74.5,76.5,70.6,51.3,A,B+,A,A,A,A,B,76.9,7.57,7.62,0
ST0115,BT2023115,Farhan Dixit,Male,2023,A,36.2,48.4,39.1,57.3,29.0,51.0,34.5,F,C,F,B,F,B,F,70.2,2.43,3.38,4
ST0116,BT2023116,Dhyan Arora,Male,2023,A,53.1,38.1,62.2,62.1,52.9,62.3,50.4,B,F,B+,B+,B,B+,B,87.2,5.57,5.76,1
ST0117,BT2023117,Preeti Ali,Female,2023,A,83.3,81.7,72.6,78.3,87.0,87.9,75.7,A+,A+,A,A,A+,A+,A,73.3,8.57,8.38,0
ST0118,BT2023118,Gaurav Walia,Male,2023,A,66.2,68.9,72.8,67.5,65.6,66.2,77.4,B+,B+,A,B+,B+,B+,A,81.0,7.29,7.24,0
ST0119,BT2023119,Riya Jain,Female,2023,A,82.3,76.6,92.5,77.2,87.3,88.3,87.6,A+,A,O,A,A+,A+,A+,81.5,8.86,8.53,0
ST0120,BT2023120,Uday Kohli,Male,2023,A,76.6,61.5,67.5,69.9,64.5,77.9,70.8,A,B+,B+,B+,B+,A,A,75.9,7.43,7.52,0
ST0121,BT2023121,Hardik Srivastava,Male,2023,A,72.0,67.0,68.3,70.3,72.3,75.1,60.2,A,B+,B+,A,A,A,B+,82.8,7.57,7.33,0
ST0122,BT2023122,Priya Singh,Female,2023,A,65.5,63.8,77.1,74.9,65.1,67.3,53.4,B+,B+,A,A,B+,B+,B,82.1,7.14,7.24,0
ST0123,BT2023123,Akash Bhatt,Male,2023,A,36.9,30.0,36.5,35.9,47.7,39.2,43.4,F,F,F,F,C,F,D,76.5,1.29,1.95,5
ST0124,BT2023124,Shreya Chopra,Female,2023,A,35.1,40.4,49.3,57.7,41.4,46.0,50.4,F,D,C,B,D,C,B,82.4,4.29,3.48,1
ST0125,BT2023125,Jay Naidu,Male,2023,A,57.0,48.8,55.7,51.5,53.1,49.7,65.8,B,C,B,B,B,C,B+,81.7,5.86,5.95,0
ST0126,BT2023126,Aarav Kumar,Male,2023,B,68.6,72.9,63.7,62.0,76.3,66.9,67.8,B+,A,B+,B+,A,B+,B+,76.8,7.29,7.38,0
ST0127,BT2023127,Vrinda Joshi,Female,2023,B,71.3,78.1,70.5,79.4,69.5,68.1,73.3,A,A,A,A,B+,B+,A,81.2,7.71,7.38,0
ST0128,BT2023128,Kapil Kapoor,Male,2023,B,54.2,37.1,41.7,45.0,52.7,42.3,47.4,B,F,D,C,B,D,C,83.5,4.29,3.52,1
ST0129,BT2023129,Sangeeta Rastogi,Female,2023,B,77.3,84.6,76.7,80.1,80.2,72.0,79.5,A,A+,A,A+,A+,A,A,74.4,8.43,8.52,0
ST0130,BT2023130,Shanaya Dubey,Female,2023,B,73.4,75.3,64.1,58.1,66.1,65.9,72.8,A,A,B+,B,B+,B+,A,77.8,7.29,7.29,0
ST0131,BT2023131,Mansi Chauhan,Female,2023,B,80.3,85.7,83.8,81.0,77.2,80.1,85.9,A+,A+,A+,A+,A,A+,A+,82.3,8.86,8.62,0
ST0132,BT2023132,Arnav Ansari,Male,2023,B,54.8,46.6,64.6,50.0,56.6,59.5,54.5,B,C,B+,B,B,B,B,78.8,6.0,6.09,0
ST0133,BT2023133,Vivaan Srivastava,Male,2023,B,43.0,64.3,58.2,57.0,58.9,52.2,55.4,D,B+,B,B,B,B,B,85.8,5.86,6.19,0
ST0134,BT2023134,Shanaya Shah,Female,2023,B,63.4,59.1,61.2,63.7,62.0,61.9,63.4,B+,B,B+,B+,B+,B+,B+,85.7,6.86,6.24,0
ST0135,BT2023135,Harsh Hussain,Male,2023,B,76.1,75.2,82.8,77.5,77.2,81.9,85.8,A,A,A+,A,A,A+,A+,80.1,8.43,8.43,0
ST0136,BT2023136,Gaurav Chopra,Male,2023,B,62.3,60.0,68.0,77.1,76.4,63.0,64.1,B+,B+,B+,A,A,B+,B+,72.6,7.29,7.43,0
ST0137,BT2023137,Vikram Qureshi,Male,2023,B,71.5,64.4,65.0,70.6,73.7,61.1,72.4,A,B+,B+,A,A,B+,A,79.8,7.57,7.43,0
ST0138,BT2023138,Abhishek Ahuja,Male,2023,B,42.2,59.8,33.0,47.1,47.7,41.7,30.6,D,B,F,C,C,D,F,73.3,3.43,3.09,2
ST0139,BT2023139,Chetan Chakraborty,Male,2023,B,53.1,69.8,52.0,49.4,56.8,48.9,61.0,B,B+,B,C,B,C,B+,81.0,6.0,5.81,0
ST0140,BT2023140,Ruchi Joshi,Female,2023,B,81.6,76.6,80.0,78.7,81.8,84.5,83.1,A+,A,A+,A,A+,A+,A+,78.9,8.71,8.52,0
ST0141,BT2023141,Ajay Goyal,Male,2023,B,66.1,74.1,70.8,67.4,77.5,74.9,62.5,B+,A,A,B+,A,A,B+,87.4,7.57,7.76,0
ST0142,BT2023142,Charmi Patel,Female,2023,B,54.1,58.5,55.6,56.9,53.5,48.9,57.8,B,B,B,B,B,C,B,85.6,5.86,6.05,0
ST0143,BT2023143,Rishabh Singh,Male,2023,B,67.8,67.6,61.0,59.9,71.5,70.1,64.4,B+,B+,B+,B,A,A,B+,80.3,7.14,7.24,0
ST0144,BT2023144,Dev Tiwari,Male,2023,B,55.9,60.8,50.6,44.1,56.5,62.6,57.2,B,B+,B,D,B,B+,B,75.1,6.0,6.24,0
ST0145,BT2023145,Chhaya Mishra,Female,2023,B,56.3,54.6,53.9,44.2,56.6,52.1,46.3,B,B,B,D,B,B,C,87.2,5.57,4.33,0
ST0146,BT2023146,Bhavna Khanna,Female,2023,B,66.8,66.6,71.8,73.1,69.7,77.3,78.4,B+,B+,A,A,B+,A,A,83.0,7.57,7.43,0
ST0147,BT2023147,Pooja Walia,Female,2023,B,50.0,59.2,50.8,56.8,59.6,52.8,62.6,B,B,B,B,B,B,B+,79.4,6.14,6.29,0
ST0148,BT2023148,Esha Das,Female,2023,B,74.2,68.7,68.7,70.3,71.6,57.2,69.2,A,B+,B+,A,A,B,B+,78.8,7.29,7.15,0
ST0149,BT2023149,Ravi Garg,Male,2023,B,47.0,50.0,35.8,59.8,62.8,40.0,37.8,C,B,F,B,B+,D,F,89.0,4.0,3.0,2
ST0150,BT2023150,Tanvi Mittal,Female,2023,B,51.7,46.7,59.0,59.9,57.1,54.9,54.0,B,C,B,B,B,B,B,73.4,5.86,5.86,0
ST0151,BT2023151,Esha Pillai,Female,2023,B,31.8,35.6,36.5,30.8,24.3,33.4,48.2,F,F,F,F,F,F,C,78.9,0.71,1.14,6
ST0152,BT2023152,Rahul Narang,Male,2023,B,59.4,56.3,51.3,50.7,54.4,59.4,65.0,B,B,B,B,B,B,B+,77.1,6.14,6.29,0
ST0153,BT2023153,Shivam Shukla,Male,2023,B,47.3,42.1,41.6,47.8,37.3,39.3,40.3,C,D,D,C,F,F,D,85.6,3.14,2.71,2
ST0154,BT2023154,Neha Narang,Female,2023,B,65.1,72.6,68.8,69.6,51.0,69.1,70.5,B+,A,B+,B+,B,B+,A,82.8,7.14,7.14,0
ST0155,BT2023155,Jasmine Bhatia,Female,2023,B,29.3,42.3,41.1,41.7,45.3,40.6,47.3,F,D,D,D,C,D,C,77.8,3.71,3.24,1
ST0156,BT2023156,Aryan Joshi,Male,2023,B,51.7,52.7,55.0,55.3,54.6,55.6,58.2,B,B,B,B,B,B,B,78.6,6.0,6.24,0
ST0157,BT2023157,Rahul Thakur,Male,2023,B,88.7,79.8,74.2,78.2,85.9,87.2,76.8,A+,A,A,A,A+,A+,A,79.9,8.43,8.43,0
ST0158,BT2023158,Mayank Singhal,Male,2023,B,44.9,43.7,67.3,60.4,44.3,55.1,57.4,D,D,B+,B+,D,B,B,80.5,5.43,6.05,0
ST0159,BT2023159,Ananya Sharma,Female,2023,B,75.1,64.8,71.3,63.3,75.8,68.5,64.6,A,B+,A,B+,A,B+,B+,87.2,7.43,7.19,0
ST0160,BT2023160,Meghna Naidu,Female,2023,B,79.8,80.7,72.7,88.8,75.6,81.1,82.3,A,A+,A,A+,A,A+,A+,81.6,8.57,8.62,0
ST0161,BT2023161,Daksh Roy,Male,2023,B,87.6,76.4,78.3,79.9,82.2,80.1,78.3,A+,A,A,A,A+,A+,A,81.9,8.43,8.57,0
ST0162,BT2023162,Radhika Sen,Female,2023,B,75.8,83.2,80.5,82.1,75.6,80.5,80.0,A,A+,A+,A+,A,A+,A+,77.9,8.71,8.71,0
ST0163,BT2023163,Chanchal Garg,Female,2023,B,76.5,74.8,73.2,64.0,67.4,82.7,65.7,A,A,A,B+,B+,A+,B+,81.2,7.71,7.43,0
ST0164,BT2023164,Sandeep Walia,Male,2023,B,52.7,30.5,41.7,47.9,49.8,43.4,48.5,B,F,D,C,C,D,C,79.0,4.14,3.76,1
ST0165,BT2023165,Nikhil Kumar,Male,2023,B,58.2,60.4,58.5,49.3,67.5,66.1,56.5,B,B+,B,C,B+,B+,B,80.3,6.29,6.14,0
ST0166,BT2023166,Sandeep Goyal,Male,2023,B,51.4,55.9,61.5,53.8,59.4,50.1,53.5,B,B,B+,B,B,B,B,77.0,6.14,6.38,0
ST0167,BT2023167,Sandeep Mittal,Male,2023,B,80.7,76.0,73.5,79.4,75.8,76.7,83.8,A+,A,A,A,A,A,A+,78.4,8.29,8.43,0
ST0168,BT2023168,Pranav Nair,Male,2023,B,46.3,46.6,53.7,61.5,61.4,60.8,57.1,C,C,B,B+,B+,B+,B,74.5,6.14,6.43,0
ST0169,BT2023169,Prachi Gupta,Female,2023,B,70.0,70.9,64.7,72.3,65.9,69.8,66.7,A,A,B+,A,B+,B+,B+,77.6,7.43,7.33,0
ST0170,BT2023170,Ananya Ghosh,Female,2023,B,77.9,86.8,80.5,85.3,81.4,81.9,77.2,A,A+,A+,A+,A+,A+,A,73.0,8.71,8.66,0
ST0171,BT2023171,Ahaan Gupta,Male,2023,B,50.7,53.8,51.4,51.1,44.7,47.4,59.9,B,B,B,B,D,C,B,80.2,5.57,5.9,0
ST0172,BT2023172,Charmi Nair,Female,2023,B,38.4,47.9,37.9,39.3,53.1,46.6,46.2,F,C,F,F,B,C,C,80.2,3.0,3.43,3
ST0173,BT2023173,Chanchal Ali,Female,2023,B,59.6,59.3,60.0,50.7,59.1,63.9,58.6,B,B,B+,B,B,B+,B,76.4,6.29,6.29,0
ST0174,BT2023174,Madhav Sood,Male,2023,B,60.0,54.3,75.2,62.2,54.0,64.5,68.7,B+,B,A,B+,B,B+,B+,84.9,6.86,6.29,0
ST0175,BT2023175,Sachin Banerjee,Male,2023,B,83.6,79.1,83.5,75.8,82.6,87.5,81.3,A+,A,A+,A,A+,A+,A+,78.8,8.71,8.67,0
ST0176,BT2023176,Nikhil Tandon,Male,2023,B,73.7,82.8,64.8,72.8,63.0,64.4,77.9,A,A+,B+,A,B+,B+,A,87.6,7.71,7.43,0
ST0177,BT2023177,Disha Singhal,Female,2023,B,35.6,41.3,40.6,46.4,27.9,39.1,51.1,F,D,D,C,F,F,B,83.8,2.71,1.57,3
ST0178,BT2023178,Eklavya Gupta,Male,2023,B,83.4,89.5,80.7,81.0,87.5,76.1,75.8,A+,A+,A+,A+,A+,A,A,80.3,8.71,8.62,0
ST0179,BT2023179,Hardik Shukla,Male,2023,B,63.0,66.6,68.9,66.9,74.8,72.1,74.3,B+,B+,B+,B+,A,A,A,84.5,7.43,7.52,0
ST0180,BT2023180,Hemant Patel,Male,2023,B,72.8,54.8,69.5,70.3,71.6,66.3,70.3,A,B,B+,A,A,B+,A,74.0,7.43,7.33,0
ST0181,BT2023181,Noor Gupta,Female,2023,B,79.9,78.7,76.6,79.2,79.5,79.9,83.4,A,A,A,A,A,A,A+,71.3,8.14,8.47,0
ST0182,BT2023182,Yash Goyal,Male,2023,B,70.5,61.4,65.1,67.3,64.3,67.4,71.6,A,B+,B+,B+,B+,B+,A,85.8,7.29,7.34,0
ST0183,BT2023183,Vishal Agarwal,Male,2023,B,44.5,53.3,45.2,34.3,48.7,36.3,39.7,D,B,C,F,C,F,F,84.8,2.86,2.86,3
ST0184,BT2023184,Dev Arora,Male,2023,B,53.7,55.9,56.1,57.4,59.8,56.4,52.7,B,B,B,B,B,B,B,81.0,6.0,5.95,0
ST0185,BT2023185,Harsh Arora,Male,2023,B,68.9,57.1,57.8,56.7,48.7,55.0,50.2,B+,B,B,B,C,B,B,85.6,6.0,5.67,0
ST0186,BT2023186,Faiz Chakraborty,Male,2023,B,56.0,56.3,53.8,44.7,70.9,63.1,65.5,B,B,B,D,A,B+,B+,87.2,6.29,6.29,0
ST0187,BT2023187,Tarun Bhatt,Male,2023,B,51.9,48.3,42.0,43.3,48.7,48.7,48.0,B,C,D,D,C,C,C,84.0,4.86,3.91,0
ST0188,BT2023188,Kritika Srivastava,Female,2023,B,84.9,91.4,87.3,80.5,75.1,77.3,81.0,A+,O,A+,A+,A,A,A+,71.8,8.86,8.53,0
ST0189,BT2023189,Naveen Chopra,Male,2023,B,65.1,76.5,62.7,62.3,64.6,71.2,64.8,B+,A,B+,B+,B+,A,B+,80.8,7.29,7.24,0
ST0190,BT2023190,Shivansh Tandon,Male,2023,B,79.9,88.7,79.3,88.8,78.5,76.5,86.6,A,A+,A,A+,A,A,A+,76.7,8.43,8.72,0
ST0191,BT2023191,Rohan Pandey,Male,2023,B,76.1,58.8,69.8,79.6,70.6,70.2,70.5,A,B,B+,A,A,A,A,79.7,7.57,7.43,0
ST0192,BT2023192,Megha Banerjee,Female,2023,B,65.0,56.9,60.1,37.8,45.1,47.1,55.3,B+,B,B+,F,C,C,B,76.3,5.14,5.62,1
ST0193,BT2023193,Dinesh Khan,Male,2023,B,80.4,56.6,61.4,58.1,71.6,70.8,65.0,A+,B,B+,B,A,A,B+,72.0,7.29,7.38,0
ST0194,BT2023194,Rudra Ahmed,Male,2023,B,62.7,52.5,62.3,48.2,56.8,53.1,59.9,B+,B,B+,C,B,B,B,79.9,6.14,6.0,0
ST0195,BT2023195,Vrinda Chopra,Female,2023,B,38.4,32.2,40.4,26.2,38.7,45.0,37.6,F,F,D,F,F,C,F,74.9,1.29,0.62,5
ST0196,BT2023196,Siya Bhatt,Female,2023,B,68.1,60.9,59.1,69.0,73.0,61.4,64.5,B+,B+,B,B+,A,B+,B+,79.4,7.0,7.33,0
ST0197,BT2023197,Rashmi Dixit,Female,2023,B,50.6,54.7,53.2,47.3,50.6,62.1,48.4,B,B,B,C,B,B+,C,71.9,5.86,5.81,0
ST0198,BT2023198,Sumit Ali,Male,2023,B,55.1,56.8,55.6,48.4,58.1,55.3,50.7,B,B,B,C,B,B,B,78.2,5.86,5.95,0
ST0199,BT2023199,Vipul Kapoor,Male,2023,B,52.3,49.3,56.4,56.2,43.2,59.8,63.4,B,C,B,B,D,B,B+,80.8,5.71,5.9,0
ST0200,BT2023200,Myra Qureshi,Female,2023,B,81.5,80.5,77.8,87.0,80.8,80.5,73.9,A+,A+,A,A+,A+,A+,A,79.7,8.71,8.48,0
ST0201,BT2023201,Kunal Naidu,Male,2023,B,64.5,62.2,62.4,68.8,70.6,65.1,59.2,B+,B+,B+,B+,A,B+,B,78.8,7.0,7.29,0
ST0202,BT2023202,Ishaan Sharma,Male,2023,B,35.1,44.8,55.7,49.7,44.1,40.3,36.6,F,D,B,C,D,D,F,72.9,3.29,3.57,2
ST0203,BT2023203,Madhuri Shukla,Female,2023,B,58.5,61.3,51.2,54.8,61.1,51.5,62.5,B,B+,B,B,B+,B,B+,81.4,6.43,6.1,0
ST0204,BT2023204,Jatin Dubey,Male,2023,B,56.2,40.8,50.6,34.7,48.6,37.1,38.5,B,D,B,F,C,F,F,82.1,3.0,3.1,3
ST0205,BT2023205,Swati Agarwal,Female,2023,B,55.2,43.1,44.3,58.4,55.3,52.1,45.3,B,D,D,B,B,B,C,81.4,5.29,4.05,0
ST0206,BT2023206,Aarav Patel,Male,2023,B,34.0,48.3,46.7,51.5,32.9,38.4,42.8,F,C,C,B,F,F,D,80.7,2.86,3.67,3
ST0207,BT2023207,Aryan Ahuja,Male,2023,B,68.4,72.0,68.5,63.2,70.1,75.2,79.7,B+,A,B+,B+,A,A,A,76.5,7.57,7.14,0
ST0208,BT2023208,Chhaya Saxena,Female,2023,B,46.7,30.3,39.0,29.0,28.4,41.8,34.8,C,F,F,F,F,D,F,76.0,1.29,2.14,5
ST0209,BT2023209,Arnav Kohli,Male,2023,B,72.6,68.5,61.4,61.0,65.9,69.9,68.3,A,B+,B+,B+,B+,B+,B+,74.8,7.14,7.33,0
ST0210,BT2023210,Zara Patel,Female,2023,B,62.4,50.6,79.4,65.6,72.6,61.5,63.2,B+,B,A,B+,A,B+,B+,85.8,7.14,7.38,0
ST0211,BT2023211,Neeraj Saxena,Male,2023,B,79.6,69.1,62.7,70.9,73.3,73.3,69.0,A,B+,B+,A,A,A,B+,79.4,7.57,7.43,0
ST0212,BT2023212,Sneha Jain,Female,2023,B,67.1,68.6,75.9,68.9,71.6,78.2,64.4,B+,B+,A,B+,A,A,B+,78.4,7.43,7.38,0
ST0213,BT2023213,Madhuri Jindal,Female,2023,B,57.0,46.4,60.9,60.0,59.9,50.0,69.5,B,C,B+,B+,B,B,B+,84.8,6.29,6.1,0
ST0214,BT2023214,Lalit Chopra,Male,2023,B,64.0,62.1,52.7,57.4,63.3,56.3,51.7,B+,B+,B,B,B+,B,B,78.3,6.43,6.38,0
ST0215,BT2023215,Taruna Garg,Female,2023,B,70.5,80.4,75.7,69.5,84.3,79.8,78.4,A,A+,A,B+,A+,A,A,76.3,8.14,8.38,0
ST0216,BT2023216,Ashish Rastogi,Male,2023,B,51.9,56.1,52.7,68.9,58.6,66.5,59.2,B,B,B,B+,B,B+,B,78.9,6.29,6.1,0
ST0217,BT2023217,Eklavya Goyal,Male,2023,B,39.5,58.4,43.1,33.0,46.7,48.2,41.9,F,B,D,F,C,C,D,74.7,3.43,3.14,2
ST0218,BT2023218,Vishal Qureshi,Male,2023,B,62.8,57.1,48.3,55.2,57.7,58.8,45.5,B+,B,C,B,B,B,C,81.2,5.86,5.95,0
ST0219,BT2023219,Megha Chauhan,Female,2023,B,73.6,83.9,86.5,84.7,77.9,85.3,84.5,A,A+,A+,A+,A,A+,A+,86.2,8.71,8.66,0
ST0220,BT2023220,Ahana Thakur,Female,2023,B,55.8,53.2,59.5,49.4,60.5,45.7,49.7,B,B,B,C,B+,C,C,83.0,5.71,5.76,0
ST0221,BT2023221,Neha Gupta,Female,2023,B,68.5,67.0,66.6,66.1,64.5,63.4,62.0,B+,B+,B+,B+,B+,B+,B+,82.7,7.0,7.33,0
ST0222,BT2023222,Urvashi Rastogi,Female,2023,B,66.5,54.4,67.4,47.5,60.2,52.1,59.1,B+,B,B+,C,B+,B,B,72.4,6.29,5.91,0
ST0223,BT2023223,Kavya Pandey,Female,2023,B,86.2,84.5,84.9,69.9,86.2,82.0,70.9,A+,A+,A+,B+,A+,A+,A,79.3,8.57,8.38,0
ST0224,BT2023224,Aaradhya Bansal,Female,2023,B,88.8,77.2,83.2,77.1,77.8,74.3,85.4,A+,A,A+,A,A,A,A+,79.4,8.43,8.43,0
ST0225,BT2023225,Zara Jindal,Female,2023,B,64.9,62.5,75.4,67.3,50.3,66.8,69.7,B+,B+,A,B+,B,B+,B+,80.6,7.0,7.33,0
ST0226,BT2023226,Arnav Bansal,Male,2023,B,68.8,69.7,59.0,71.7,72.4,64.2,59.8,B+,B+,B,A,A,B+,B,81.7,7.0,7.19,0
ST0227,BT2023227,Aman Singhal,Male,2023,B,56.1,45.3,56.1,66.4,50.9,45.9,52.6,B,C,B,B+,B,C,B,77.1,5.86,5.86,0
ST0228,BT2023228,Esha Chauhan,Female,2023,B,78.1,81.9,79.7,82.5,90.3,84.6,73.4,A,A+,A,A+,O,A+,A,67.8,8.71,8.62,0
ST0229,BT2023229,Gaurav Dubey,Male,2023,B,77.8,82.7,76.1,77.4,88.0,79.8,82.3,A,A+,A,A,A+,A,A+,78.7,8.43,8.52,0
ST0230,BT2023230,Lalita Reddy,Female,2023,B,58.4,45.9,57.6,61.2,48.3,57.5,60.7,B,C,B,B+,C,B,B+,70.0,6.0,5.81,0
ST0231,BT2023231,Indira Sen,Female,2023,B,69.6,61.8,57.5,65.2,58.8,64.2,58.8,B+,B+,B,B+,B,B+,B,85.4,6.57,6.09,0
ST0232,BT2023232,Deepika Mehta,Female,2023,B,43.4,44.8,40.1,51.3,50.6,36.1,44.2,D,D,D,B,B,F,D,78.8,4.0,4.33,1
ST0233,BT2023233,Sakshi Pandey,Female,2023,B,50.9,65.1,54.7,65.3,63.0,59.0,46.7,B,B+,B,B+,B+,B,C,80.7,6.29,6.29,0
ST0234,BT2023234,Riddhi Srivastava,Female,2023,B,68.6,68.3,63.1,63.3,75.5,61.4,67.0,B+,B+,B+,B+,A,B+,B+,75.6,7.14,7.14,0
ST0235,BT2023235,Naman Ghosh,Male,2023,B,66.5,69.2,66.0,64.2,68.2,66.3,64.5,B+,B+,B+,B+,B+,B+,B+,80.2,7.0,7.14,0
ST0236,BT2023236,Pari Ahuja,Female,2023,B,55.9,62.2,40.3,58.9,67.1,60.2,62.7,B,B+,D,B,B+,B+,B+,76.0,6.29,6.05,0
ST0237,BT2023237,Madhav Bansal,Male,2023,B,62.1,66.0,44.6,54.6,65.5,59.0,55.5,B+,B+,D,B,B+,B,B,79.4,6.14,6.14,0
ST0238,BT2023238,Nisha Rastogi,Female,2023,B,82.8,82.0,81.4,83.9,83.1,88.7,81.7,A+,A+,A+,A+,A+,A+,A+,88.1,9.0,8.57,0
ST0239,BT2023239,Aman Rastogi,Male,2023,B,53.1,65.3,54.1,57.7,45.0,52.4,59.3,B,B+,B,B,C,B,B,76.0,6.0,6.05,0
ST0240,BT2023240,Diya Singh,Female,2023,B,64.0,71.6,66.3,71.1,71.8,68.1,65.6,B+,A,B+,A,A,B+,B+,82.8,7.43,7.57,0
ST0241,BT2023241,Tanvi Bhatia,Female,2023,B,51.5,52.0,63.2,62.0,53.6,57.4,41.4,B,B,B+,B+,B,B,D,76.1,6.0,6.14,0
ST0242,BT2023242,Ruchi Rastogi,Female,2023,B,74.0,80.1,76.0,81.1,71.3,80.0,83.1,A,A+,A,A+,A,A+,A+,81.0,8.57,8.48,0
ST0243,BT2023243,Tanu Naidu,Female,2023,B,44.0,69.0,59.3,60.3,60.6,55.3,53.9,D,B+,B,B+,B+,B,B,78.5,6.14,6.19,0
ST0244,BT2023244,Simran Garg,Female,2023,B,42.4,45.9,43.0,51.4,33.2,45.6,37.0,D,C,D,B,F,C,F,85.2,3.43,3.95,2
ST0245,BT2023245,Tanuj Kapoor,Male,2023,B,50.2,62.7,54.5,59.0,53.9,50.1,56.9,B,B+,B,B,B,B,B,74.6,6.14,6.0,0
ST0246,BT2023246,Pihu Pandey,Female,2023,B,64.3,66.9,70.6,68.5,66.2,65.2,64.5,B+,B+,A,B+,B+,B+,B+,82.0,7.14,7.33,0
ST0247,BT2023247,Tanu Ahuja,Female,2023,B,81.9,68.9,71.0,67.0,71.1,67.2,70.5,A+,B+,A,B+,A,B+,A,73.1,7.71,7.57,0
ST0248,BT2023248,Akash Iyer,Male,2023,B,81.3,78.5,78.7,89.0,73.8,76.0,84.7,A+,A,A,A+,A,A,A+,80.5,8.43,8.52,0
ST0249,BT2023249,Dhruv Rastogi,Male,2023,B,68.2,64.4,62.2,66.7,68.9,76.3,71.3,B+,B+,B+,B+,B+,A,A,76.4,7.29,7.38,0
ST0250,BT2023250,Sunita Yadav,Female,2023,B,64.7,69.9,82.7,67.3,66.9,80.2,71.3,B+,B+,A+,B+,B+,A+,A,83.5,7.71,7.57,0
ST0251,BT2023251,Arjun Jain,Male,2023,C,66.9,68.6,48.5,51.3,53.4,64.4,55.7,B+,B+,C,B,B,B+,B,79.5,6.29,6.1,0
ST0252,BT2023252,Mukesh Shah,Male,2023,C,76.2,74.4,75.9,78.1,75.2,79.2,81.3,A,A,A,A,A,A,A+,76.5,8.14,8.28,0
ST0253,BT2023253,Charmi Sharma,Female,2023,C,78.3,61.3,65.6,72.6,75.5,69.5,81.5,A,B+,B+,A,A,B+,A+,84.2,7.71,7.57,0
ST0254,BT2023254,Arnav Yadav,Male,2023,C,49.3,45.8,43.7,52.3,24.7,52.0,51.1,C,C,D,B,F,B,B,82.7,4.57,3.95,1
ST0255,BT2023255,Mohit Naidu,Male,2023,C,82.9,80.7,76.5,78.5,83.8,84.5,76.8,A+,A+,A,A,A+,A+,A,84.8,8.57,8.57,0
ST0256,BT2023256,Sachin Gupta,Male,2023,C,73.3,75.2,69.8,71.9,66.1,72.3,69.6,A,A,B+,A,B+,A,B+,83.4,7.57,7.43,0
ST0257,BT2023257,Naveen Tiwari,Male,2023,C,40.6,44.7,41.0,59.2,34.9,53.5,50.2,D,D,D,B,F,B,B,80.8,4.29,3.05,1
ST0258,BT2023258,Chetan Bhatia,Male,2023,C,69.8,65.2,65.8,76.9,74.4,61.7,70.9,B+,B+,B+,A,A,B+,A,78.2,7.43,7.52,0
ST0259,BT2023259,Indira Siddiqui,Female,2023,C,74.8,64.4,71.7,73.2,62.6,68.4,64.6,A,B+,A,A,B+,B+,B+,84.8,7.43,7.38,0
ST0260,BT2023260,Sachin Garg,Male,2023,C,63.9,44.1,59.3,57.7,54.5,54.1,55.9,B+,D,B,B,B,B,B,83.4,5.86,6.24,0
ST0261,BT2023261,Daksh Kumar,Male,2023,C,42.2,45.7,38.0,43.5,39.3,32.6,47.3,D,C,F,D,F,F,C,76.5,2.57,3.86,3
ST0262,BT2023262,Anika Roy,Female,2023,C,51.9,47.9,47.0,48.3,45.5,50.0,41.3,B,C,C,C,C,B,D,83.9,5.14,4.09,0
ST0263,BT2023263,Aman Chakraborty,Male,2023,C,64.2,64.1,76.4,67.3,71.0,73.2,64.4,B+,B+,A,B+,A,A,B+,89.1,7.43,7.38,0
ST0264,BT2023264,Zara Ali,Female,2023,C,47.7,56.7,66.8,60.2,47.1,58.2,50.1,C,B,B+,B+,C,B,B,81.3,6.0,5.86,0
ST0265,BT2023265,Aditi Shukla,Female,2023,C,58.7,58.1,42.0,62.9,55.0,49.0,54.9,B,B,D,B+,B,C,B,76.1,5.71,5.95,0
ST0266,BT2023266,Prerna Mukherjee,Female,2023,C,60.0,68.2,70.4,65.7,57.3,61.5,74.5,B+,B+,A,B+,B,B+,A,76.5,7.14,7.14,0
ST0267,BT2023267,Myra Goel,Female,2023,C,48.6,61.5,55.7,60.4,55.8,62.8,61.0,C,B+,B,B+,B,B+,B+,80.2,6.43,6.19,0
ST0268,BT2023268,Priya Thakur,Female,2023,C,82.5,74.9,86.9,86.6,83.9,76.4,87.2,A+,A,A+,A+,A+,A,A+,79.8,8.71,8.62,0
ST0269,BT2023269,Eklavya Chopra,Male,2023,C,68.7,49.6,40.0,53.9,54.1,63.0,56.2,B+,C,D,B,B,B+,B,79.9,5.86,5.95,0
ST0270,BT2023270,Gaurav Gupta,Male,2023,C,73.0,79.8,77.4,80.7,78.4,74.2,83.3,A,A,A,A+,A,A,A+,74.5,8.29,8.43,0
ST0271,BT2023271,Bhavesh Malhotra,Male,2023,C,73.7,56.8,73.4,70.0,68.8,65.5,66.5,A,B,A,A,B+,B+,B+,83.8,7.29,7.29,0
ST0272,BT2023272,Laxmi Goyal,Female,2023,C,63.1,70.3,76.5,66.8,73.9,75.4,58.9,B+,A,A,B+,A,A,B,84.2,7.43,7.19,0
ST0273,BT2023273,Gayatri Chatterjee,Female,2023,C,45.2,54.1,56.9,53.0,64.4,54.6,60.6,C,B,B,B,B+,B,B+,77.6,6.14,6.1,0
ST0274,BT2023274,Vijay Roy,Male,2023,C,75.0,71.0,75.3,71.9,64.2,70.1,62.8,A,A,A,A,B+,A,B+,83.9,7.71,7.62,0
ST0275,BT2023275,Aarav Dixit,Male,2023,C,81.0,66.2,70.1,64.3,64.8,69.6,71.8,A+,B+,A,B+,B+,B+,A,84.7,7.57,7.43,0
ST0276,BT2023276,Muskan Tandon,Female,2023,C,50.1,63.1,53.1,56.7,61.2,63.8,47.3,B,B+,B,B,B+,B+,C,77.7,6.29,6.14,0
ST0277,BT2023277,Reet Aggarwal,Female,2023,C,74.5,80.1,87.2,89.9,80.1,85.2,83.2,A,A+,A+,A+,A+,A+,A+,82.0,8.86,8.62,0
ST0278,BT2023278,Lokesh Bajpai,Male,2023,C,60.3,55.6,49.3,53.0,49.6,65.3,54.2,B+,B,C,B,C,B+,B,84.8,6.0,6.05,0
ST0279,BT2023279,Vipul Chatterjee,Male,2023,C,67.2,67.7,65.3,69.8,59.0,70.2,61.0,B+,B+,B+,B+,B,A,B+,81.9,7.0,7.19,0
ST0280,BT2023280,Paras Jain,Male,2023,C,83.2,78.2,85.1,86.0,86.1,81.1,78.1,A+,A,A+,A+,A+,A+,A,87.6,8.71,8.62,0
ST0281,BT2023281,Daksh Banerjee,Male,2023,C,23.4,23.4,44.1,45.6,16.6,34.8,33.3,F,F,D,C,F,F,F,79.6,1.29,0.86,5
ST0282,BT2023282,Radhika Sood,Female,2023,C,52.3,48.6,41.1,47.2,51.6,48.0,38.6,B,C,D,C,B,C,F,83.1,4.43,3.71,1
ST0283,BT2023283,Dipti Jain,Female,2023,C,54.8,55.9,56.4,55.9,53.8,72.5,54.6,B,B,B,B,B,A,B,76.7,6.29,5.91,0
ST0284,BT2023284,Rajesh Malhotra,Male,2023,C,70.6,70.6,68.7,73.3,70.5,78.3,63.5,A,A,B+,A,A,A,B+,78.5,7.71,7.57,0
ST0285,BT2023285,Lakshay Chauhan,Male,2023,C,74.8,70.3,73.0,67.1,71.7,75.8,66.1,A,A,A,B+,A,A,B+,75.7,7.71,7.38,0
ST0286,BT2023286,Vivaan Mukherjee,Male,2023,C,61.0,64.1,55.4,65.8,57.1,47.4,50.1,B+,B+,B,B+,B,C,B,80.2,6.29,6.19,0
ST0287,BT2023287,Vineet Shukla,Male,2023,C,53.0,66.9,56.6,58.6,63.1,54.4,48.0,B,B+,B,B,B+,B,C,81.6,6.14,6.1,0
ST0288,BT2023288,Amit Tiwari,Male,2023,C,63.8,63.3,70.3,76.6,64.1,76.8,62.7,B+,B+,A,A,B+,A,B+,75.9,7.43,7.38,0
ST0289,BT2023289,Rishabh Hussain,Male,2023,C,75.3,75.4,72.0,64.0,60.5,72.2,70.0,A,A,A,B+,B+,A,A,84.3,7.71,7.43,0
ST0290,BT2023290,Garima Kohli,Female,2023,C,50.6,51.7,46.5,41.9,45.9,52.4,39.8,B,B,C,D,C,B,F,74.4,4.57,4.05,1
ST0291,BT2023291,Ekta Ahmed,Female,2023,C,48.4,41.9,36.4,55.5,53.8,43.6,49.4,C,D,F,B,B,D,C,78.9,4.29,3.19,1
ST0292,BT2023292,Piyush Reddy,Male,2023,C,48.9,70.0,64.9,67.4,64.6,51.3,69.5,C,A,B+,B+,B+,B,B+,78.9,6.71,6.38,0
ST0293,BT2023293,Aastha Tandon,Female,2023,C,62.8,47.2,53.1,63.2,65.9,44.2,58.3,B+,C,B,B+,B+,D,B,81.0,6.0,5.86,0
ST0294,BT2023294,Pulkit Bajpai,Male,2023,C,56.3,56.8,53.6,57.5,58.2,47.4,61.5,B,B,B,B,B,C,B+,79.0,6.0,6.24,0
ST0295,BT2023295,Saanvi Roy,Female,2023,C,62.2,53.0,57.4,41.6,51.3,66.6,59.3,B+,B,B,D,B,B+,B,89.1,6.0,5.95,0
ST0296,BT2023296,Sahil Nair,Male,2023,C,38.5,38.1,48.6,40.4,40.2,50.6,27.7,F,F,C,D,D,B,F,80.2,2.71,3.28,3
ST0297,BT2023297,Bhavna Iyer,Female,2023,C,39.9,49.6,55.4,44.7,38.7,49.4,39.9,F,C,B,D,F,C,F,84.4,2.86,4.19,3
ST0298,BT2023298,Anvi Goel,Female,2023,C,79.4,73.6,74.4,82.0,81.0,81.6,90.6,A,A,A,A+,A+,A+,O,77.1,8.71,8.76,0
ST0299,BT2023299,Shanaya Menon,Female,2023,C,64.9,76.7,63.1,63.3,56.7,62.8,57.0,B+,A,B+,B+,B,B+,B,74.7,6.86,7.0,0
ST0300,BT2023300,Sahil Kumar,Male,2023,C,75.8,67.1,65.0,59.0,61.0,73.1,60.8,A,B+,B+,B,B+,A,B+,73.2,7.14,7.29,0
ST0301,BT2023301,Chhaya Chaudhary,Female,2023,C,64.4,57.9,53.1,61.4,48.7,59.4,59.4,B+,B,B,B+,C,B,B,77.6,6.14,6.05,0
ST0302,BT2023302,Disha Verma,Female,2023,C,73.6,78.0,71.5,70.5,72.2,86.8,80.5,A,A,A,A,A,A+,A+,71.6,8.29,8.48,0
ST0303,BT2023303,Sangeeta Aggarwal,Female,2023,C,40.4,31.6,58.6,50.2,49.1,34.8,46.5,D,F,B,B,C,F,C,76.2,3.71,4.14,2
ST0304,BT2023304,Arnav Shah,Male,2023,C,37.5,40.2,51.3,38.4,46.0,44.9,46.2,F,D,B,F,C,D,C,80.3,3.43,3.9,2
ST0305,BT2023305,Yash Reddy,Male,2023,C,62.7,70.1,61.6,69.6,72.0,76.8,61.3,B+,A,B+,B+,A,A,B+,82.6,7.43,7.53,0
ST0306,BT2023306,Varun Rastogi,Male,2023,C,66.1,68.8,69.9,64.1,66.7,70.6,77.1,B+,B+,B+,B+,B+,A,A,83.2,7.29,7.24,0
ST0307,BT2023307,Harsh Malhotra,Male,2023,C,46.9,55.3,48.8,49.9,45.0,44.8,44.7,C,B,C,C,C,D,D,78.2,4.86,4.57,0
ST0308,BT2023308,Neha Garg,Female,2023,C,51.0,59.6,56.0,56.6,48.3,49.5,54.0,B,B,B,B,C,C,B,78.6,5.71,5.86,0
ST0309,BT2023309,Karan Shah,Male,2023,C,69.4,65.3,64.5,82.7,67.4,59.5,77.3,B+,B+,B+,A+,B+,B,A,84.0,7.29,7.29,0
ST0310,BT2023310,Siddharth Malhotra,Male,2023,C,62.2,62.9,51.8,57.4,62.0,55.0,50.3,B+,B+,B,B,B+,B,B,84.9,6.43,6.29,0
ST0311,BT2023311,Pranav Qureshi,Male,2023,C,81.3,74.6,85.5,80.8,88.5,75.2,80.9,A+,A,A+,A+,A+,A,A+,79.4,8.71,8.57,0
ST0312,BT2023312,Piyush Menon,Male,2023,C,50.2,59.1,49.9,59.2,63.3,49.0,61.8,B,B,C,B,B+,C,B+,75.9,6.0,6.38,0
ST0313,BT2023313,Megha Narang,Female,2023,C,58.8,64.9,56.3,51.3,48.3,49.3,61.7,B,B+,B,B,C,C,B+,77.8,6.0,6.05,0
ST0314,BT2023314,Falguni Singhal,Female,2023,C,69.1,71.3,76.3,77.1,64.9,69.4,72.1,B+,A,A,A,B+,B+,A,85.6,7.57,7.48,0
ST0315,BT2023315,Dinesh Gupta,Male,2023,C,46.8,39.3,43.6,52.9,38.1,45.7,25.8,C,F,D,B,F,C,F,83.1,2.86,2.9,3
ST0316,BT2023316,Deepika Rajput,Female,2023,C,46.5,42.8,44.7,49.4,33.6,47.2,35.9,C,D,D,C,F,C,F,85.5,3.29,3.52,2
ST0317,BT2023317,Pranav Chatterjee,Male,2023,C,71.7,56.9,62.6,63.0,70.9,63.2,64.3,A,B,B+,B+,A,B+,B+,78.2,7.14,7.24,0
ST0318,BT2023318,Indira Singhal,Female,2023,C,67.7,64.2,59.1,61.3,64.6,70.1,78.7,B+,B+,B,B+,B+,A,A,74.8,7.14,7.38,0
ST0319,BT2023319,Faiz Hussain,Male,2023,C,48.7,60.9,54.5,56.5,56.4,46.6,59.9,C,B+,B,B,B,C,B,74.6,5.86,5.91,0
ST0320,BT2023320,Pihu Goel,Female,2023,C,89.9,73.8,77.7,76.2,79.6,77.1,81.8,A+,A,A,A,A,A,A+,79.2,8.29,8.52,0
ST0321,BT2023321,Kiara Siddiqui,Female,2023,C,59.0,71.0,67.3,64.6,64.0,59.9,81.2,B,A,B+,B+,B+,B,A+,72.2,7.14,7.29,0
ST0322,BT2023322,Rachit Singh,Male,2023,C,70.3,74.1,78.1,76.5,63.9,65.6,73.1,A,A,A,A,B+,B+,A,78.7,7.71,7.33,0
ST0323,BT2023323,Sunita Dubey,Female,2023,C,65.3,52.3,51.0,61.9,53.2,44.2,47.9,B+,B,B,B+,B,D,C,81.6,5.86,5.81,0
ST0324,BT2023324,Deepika Singh,Female,2023,C,66.0,60.4,60.8,66.4,64.9,66.2,65.3,B+,B+,B+,B+,B+,B+,B+,75.4,7.0,7.09,0
ST0325,BT2023325,Indira Sharma,Female,2023,C,70.8,59.7,74.2,71.0,75.3,66.5,69.5,A,B,A,A,A,B+,B+,82.4,7.43,7.38,0
ST0326,BT2023326,Naman Narang,Male,2023,C,56.4,65.2,61.3,63.0,59.5,53.5,62.0,B,B+,B+,B+,B,B,B+,83.6,6.57,5.76,0
ST0327,BT2023327,Pari Singhal,Female,2023,C,44.4,48.4,40.0,39.6,45.6,47.0,39.3,D,C,D,F,C,C,F,80.1,3.29,4.0,2
ST0328,BT2023328,Aastha Kohli,Female,2023,C,66.4,67.4,72.1,62.8,67.5,65.6,69.7,B+,B+,A,B+,B+,B+,B+,74.6,7.14,7.43,0
ST0329,BT2023329,Yamini Kapoor,Female,2023,C,80.1,68.7,75.0,78.1,59.1,76.8,67.1,A+,B+,A,A,B,A,B+,87.7,7.57,7.52,0
ST0330,BT2023330,Simran Khan,Female,2023,C,68.9,69.8,66.9,69.4,60.4,72.4,72.4,B+,B+,B+,B+,B+,A,A,84.2,7.29,7.33,0
ST0331,BT2023331,Deepak Shah,Male,2023,C,48.9,59.9,54.7,51.0,60.1,53.8,60.2,C,B,B,B,B+,B,B+,80.5,6.14,6.24,0
ST0332,BT2023332,Ashish Ghosh,Male,2023,C,76.5,84.9,82.4,79.3,79.8,79.5,78.7,A,A+,A+,A,A,A,A,68.8,8.29,8.48,0
ST0333,BT2023333,Hina Bhatia,Female,2023,C,77.8,83.2,74.9,80.6,84.3,83.3,86.2,A,A+,A,A+,A+,A+,A+,88.7,8.71,8.48,0
ST0334,BT2023334,Akash Chopra,Male,2023,C,53.1,59.6,51.9,63.9,65.0,58.7,50.0,B,B,B,B+,B+,B,B,78.9,6.29,6.19,0
ST0335,BT2023335,Yamini Sharma,Female,2023,C,72.7,82.9,80.7,84.7,82.6,82.3,76.8,A,A+,A+,A+,A+,A+,A,81.2,8.71,8.57,0
ST0336,BT2023336,Aastha Patel,Female,2023,C,60.1,55.1,50.9,53.2,59.3,59.6,59.1,B+,B,B,B,B,B,B,81.0,6.14,6.1,0
ST0337,BT2023337,Nandini Siddiqui,Female,2023,C,53.8,64.5,49.7,56.5,58.7,49.7,60.2,B,B+,C,B,B,C,B+,76.5,6.0,6.14,0
ST0338,BT2023338,Aditya Gupta,Male,2023,C,49.0,68.9,53.9,64.1,58.5,57.8,50.8,C,B+,B,B+,B,B,B,80.2,6.14,6.24,0
ST0339,BT2023339,Mohit Kumar,Male,2023,C,68.1,70.1,71.8,57.1,64.5,63.2,67.0,B+,A,A,B,B+,B+,B+,76.3,7.14,7.19,0
ST0340,BT2023340,Gayatri Hussain,Female,2023,C,45.9,22.2,43.7,54.4,45.7,51.2,39.5,C,F,D,B,C,B,F,79.8,3.71,4.28,2
ST0341,BT2023341,Amit Tripathi,Male,2023,C,83.3,78.8,74.0,87.1,78.8,75.9,85.3,A+,A,A,A+,A,A,A+,86.4,8.43,8.38,0
ST0342,BT2023342,Pihu Narang,Female,2023,C,81.3,87.2,75.1,82.2,79.7,88.2,88.1,A+,A+,A,A+,A,A+,A+,79.0,8.71,8.52,0
ST0343,BT2023343,Khushi Aggarwal,Female,2023,C,62.0,64.3,63.9,57.7,55.0,60.4,69.2,B+,B+,B+,B,B,B+,B+,91.4,6.71,6.52,0
ST0344,BT2023344,Amit Bhatia,Male,2023,C,69.8,68.8,70.9,71.4,68.7,68.3,82.4,B+,B+,A,A,B+,B+,A+,89.9,7.57,7.43,0
ST0345,BT2023345,Sangeeta Saxena,Female,2023,C,81.6,91.2,79.3,82.3,86.1,75.7,84.2,A+,O,A,A+,A+,A,A+,82.1,8.86,8.62,0
ST0346,BT2023346,Govind Thakur,Male,2023,C,54.7,44.4,54.0,65.8,47.8,51.9,64.8,B,D,B,B+,C,B,B+,77.2,5.86,5.95,0
ST0347,BT2023347,Shubham Patel,Male,2023,C,43.2,50.5,44.0,46.0,54.3,36.6,44.3,D,B,D,C,B,F,D,79.1,4.14,4.09,1
ST0348,BT2023348,Disha Ghosh,Female,2023,C,82.8,68.3,73.5,63.8,69.3,62.3,70.5,A+,B+,A,B+,B+,B+,A,85.1,7.57,7.38,0
ST0349,BT2023349,Sakshi Kapoor,Female,2023,C,73.1,74.6,78.5,67.3,64.6,76.0,73.7,A,A,A,B+,B+,A,A,73.8,7.71,7.52,0
ST0350,BT2023350,Jatin Ali,Male,2023,C,45.3,43.8,32.0,53.4,53.8,37.0,40.6,C,D,F,B,B,F,D,78.9,3.57,3.33,2
ST0351,BT2023351,Payal Chakraborty,Female,2023,C,44.4,53.9,38.0,47.1,47.9,43.5,39.3,D,B,F,C,C,D,F,76.6,3.43,3.14,2
ST0352,BT2023352,Mukesh Kapoor,Male,2023,C,60.4,64.6,70.0,74.5,69.8,67.2,71.9,B+,B+,A,A,B+,B+,A,75.3,7.43,7.52,0
ST0353,BT2023353,Prachi Kumar,Female,2023,C,63.0,68.2,73.6,56.1,55.1,61.5,62.7,B+,B+,A,B,B,B+,B+,84.2,6.86,6.05,0
ST0354,BT2023354,Vineet Menon,Male,2023,C,58.6,53.8,59.6,48.8,54.2,48.3,51.5,B,B,B,C,B,C,B,77.6,5.71,5.86,0
ST0355,BT2023355,Suresh Kumar,Male,2023,C,78.9,66.7,70.2,63.0,67.1,60.5,69.8,A,B+,A,B+,B+,B+,B+,79.1,7.29,7.34,0
ST0356,BT2023356,Rohan Shah,Male,2023,C,86.0,87.2,80.9,77.0,83.7,81.6,75.7,A+,A+,A+,A,A+,A+,A,79.8,8.71,8.47,0
ST0357,BT2023357,Sangeeta Verma,Female,2023,C,55.2,44.7,53.7,42.8,54.5,44.1,50.4,B,D,B,D,B,D,B,76.7,5.14,4.0,0
ST0358,BT2023358,Rajesh Rajput,Male,2023,C,74.7,77.0,77.1,65.0,70.8,70.7,60.3,A,A,A,B+,A,A,B+,88.0,7.71,7.57,0
ST0359,BT2023359,Ritesh Dubey,Male,2023,C,71.0,69.7,76.3,73.0,63.5,71.1,72.1,A,B+,A,A,B+,A,A,84.8,7.71,7.52,0
ST0360,BT2023360,Saurabh Pandey,Male,2023,C,77.8,81.8,69.8,69.1,70.0,55.3,73.5,A,A+,B+,B+,A,B,A,78.3,7.57,7.29,0
ST0361,BT2023361,Vivek Khanna,Male,2023,C,59.4,53.4,43.2,56.8,62.3,47.6,57.5,B,B,D,B,B+,C,B,81.4,5.71,5.85,0
ST0362,BT2023362,Indira Thakur,Female,2023,C,57.5,58.2,60.8,63.3,60.2,46.1,57.0,B,B,B+,B+,B+,C,B,84.3,6.29,6.34,0
ST0363,BT2023363,Kritika Mishra,Female,2023,C,48.2,49.9,50.3,53.8,56.5,51.8,54.5,C,C,B,B,B,B,B,78.7,5.71,6.0,0
ST0364,BT2023364,Bhavna Hussain,Female,2023,C,31.5,34.9,48.2,38.4,44.0,39.5,31.2,F,F,C,F,D,F,F,80.5,1.29,1.57,5
ST0365,BT2023365,Yogesh Menon,Male,2023,C,53.2,61.1,41.0,70.9,57.2,51.5,55.4,B,B+,D,A,B,B,B,74.7,6.14,5.85,0
ST0366,BT2023366,Ananya Narang,Female,2023,C,84.7,78.7,86.5,77.8,79.3,80.1,84.5,A+,A,A+,A,A,A+,A+,82.9,8.57,8.38,0
ST0367,BT2023367,Daksh Mittal,Male,2023,C,26.9,44.0,30.9,42.3,32.3,32.5,32.1,F,D,F,D,F,F,F,79.6,1.14,1.62,5
ST0368,BT2023368,Anvi Yadav,Female,2023,C,67.0,69.4,59.5,65.7,82.7,65.5,80.2,B+,B+,B,B+,A+,B+,A+,87.9,7.43,7.24,0
ST0369,BT2023369,Aman Shah,Male,2023,C,63.8,72.2,71.7,71.0,73.1,69.8,86.9,B+,A,A,A,A,B+,A+,86.9,7.86,7.48,0
ST0370,BT2023370,Yogesh Aggarwal,Male,2023,C,65.0,71.2,67.2,66.5,71.5,69.2,64.8,B+,A,B+,B+,A,B+,B+,81.0,7.29,7.19,0
ST0371,BT2023371,Neeraj Menon,Male,2023,C,39.0,49.8,47.8,38.8,51.9,36.9,58.0,F,C,C,F,B,F,B,82.4,3.14,3.43,3
ST0372,BT2023372,Sandeep Chakraborty,Male,2023,C,71.0,65.1,56.5,66.2,60.1,60.4,65.5,A,B+,B,B+,B+,B+,B+,67.5,7.0,7.24,0
ST0373,BT2023373,Yash Kumar,Male,2023,C,79.9,84.0,81.0,76.6,82.0,84.8,77.4,A,A+,A+,A,A+,A+,A,69.2,8.57,8.57,0
ST0374,BT2023374,Sahil Chaudhary,Male,2023,C,54.7,63.1,65.9,68.6,64.9,59.9,72.7,B,B+,B+,B+,B+,B,A,72.9,6.86,7.05,0
ST0375,BT2023375,Tushar Rastogi,Male,2023,C,71.7,67.5,77.8,70.4,62.9,74.9,73.5,A,B+,A,A,B+,A,A,84.1,7.71,7.43,0
ST0376,BT2023376,Rishabh Reddy,Male,2023,D,70.8,72.7,73.9,61.2,64.0,61.1,58.6,A,A,A,B+,B+,B+,B,82.0,7.29,7.19,0
ST0377,BT2023377,Kapil Kohli,Male,2023,D,80.6,91.0,76.8,87.0,82.7,75.2,92.1,A+,O,A,A+,A+,A,O,85.2,9.0,8.57,0
ST0378,BT2023378,Abhishek Mehta,Male,2023,D,50.5,48.2,60.3,30.5,51.6,41.5,51.3,B,C,B+,F,B,D,B,86.8,4.86,4.29,1
ST0379,BT2023379,Brij Nair,Male,2023,D,43.1,34.7,43.0,42.3,48.4,47.4,44.6,D,F,D,D,C,C,D,82.7,3.71,4.14,1
ST0380,BT2023380,Avni Khanna,Female,2023,D,48.3,52.8,52.8,56.4,61.0,67.3,56.0,C,B,B,B,B+,B+,B,80.0,6.14,5.9,0
ST0381,BT2023381,Prachi Nair,Female,2023,D,63.6,69.4,71.0,68.8,67.1,67.3,62.7,B+,B+,A,B+,B+,B+,B+,85.4,7.14,7.33,0
ST0382,BT2023382,Govind Menon,Male,2023,D,73.0,85.8,73.2,72.7,76.7,80.7,83.1,A,A+,A,A,A,A+,A+,83.2,8.43,8.48,0
ST0383,BT2023383,Aditi Bhatia,Female,2023,D,75.9,72.0,71.9,72.6,66.6,71.2,65.3,A,A,A,A,B+,A,B+,79.1,7.71,7.43,0
ST0384,BT2023384,Harsh Pandey,Male,2023,D,56.2,50.8,55.3,53.3,54.6,55.9,50.9,B,B,B,B,B,B,B,70.1,6.0,5.62,0
ST0385,BT2023385,Aditya Ahuja,Male,2023,D,89.7,87.2,73.4,84.8,76.7,86.8,81.5,A+,A+,A,A+,A,A+,A+,78.7,8.71,8.52,0
ST0386,BT2023386,Bhavesh Chakraborty,Male,2023,D,75.2,65.2,68.5,75.8,82.5,77.6,74.8,A,B+,B+,A,A+,A,A,82.5,7.86,7.67,0
ST0387,BT2023387,Neha Arora,Female,2023,D,47.6,46.0,45.9,40.1,37.7,47.0,52.0,C,C,C,D,F,C,B,82.3,4.29,4.14,1
ST0388,BT2023388,Bhavna Das,Female,2023,D,38.6,33.0,26.6,39.1,39.6,35.7,25.4,F,F,F,F,F,F,F,77.3,0.0,1.29,7
ST0389,BT2023389,Saurabh Shah,Male,2023,D,45.4,54.4,54.8,42.1,42.6,44.2,37.9,C,B,B,D,D,D,F,78.8,4.14,4.14,1
ST0390,BT2023390,Heena Rastogi,Female,2023,D,60.0,59.8,62.3,56.1,60.1,55.1,65.0,B+,B,B+,B,B+,B,B+,80.0,6.57,6.19,0
ST0391,BT2023391,Rishabh Khan,Male,2023,D,66.0,74.3,70.1,72.2,72.0,68.4,64.6,B+,A,A,A,A,B+,B+,78.7,7.57,7.52,0
ST0392,BT2023392,Saanvi Menon,Female,2023,D,56.5,59.4,70.9,50.8,63.9,57.4,49.1,B,B,A,B,B+,B,C,75.2,6.29,6.34,0
ST0393,BT2023393,Vineet Roy,Male,2023,D,57.2,55.1,58.6,53.8,57.3,57.4,59.4,B,B,B,B,B,B,B,83.3,6.0,6.09,0
ST0394,BT2023394,Vishal Tandon,Male,2023,D,78.1,83.8,76.7,80.2,87.3,88.5,76.0,A,A+,A,A+,A+,A+,A,78.7,8.57,8.57,0
ST0395,BT2023395,Hina Ahmed,Female,2023,D,44.5,44.9,52.7,49.4,38.2,43.6,54.1,D,D,B,C,F,D,B,85.7,4.14,4.33,1
ST0396,BT2023396,Arnav Khan,Male,2023,D,54.7,41.1,47.5,53.7,54.8,47.3,60.4,B,D,C,B,B,C,B+,79.7,5.57,5.57,0
ST0397,BT2023397,Rachit Tandon,Male,2023,D,66.8,65.6,64.5,63.5,65.6,67.6,62.2,B+,B+,B+,B+,B+,B+,B+,74.5,7.0,7.19,0
ST0398,BT2023398,Swati Thakur,Female,2023,D,44.2,42.6,47.6,50.7,44.6,41.5,45.0,D,D,C,B,D,D,C,80.6,4.57,4.1,0
ST0399,BT2023399,Pulkit Goel,Male,2023,D,70.4,68.8,63.1,73.4,72.4,65.2,71.7,A,B+,B+,A,A,B+,A,86.0,7.57,7.48,0
ST0400,BT2023400,Abhinav Iyer,Male,2023,D,83.5,72.9,70.0,72.3,80.2,80.4,82.9,A+,A,A,A,A+,A+,A+,71.7,8.57,8.57,0
ST0401,BT2023401,Neha Das,Female,2023,D,72.4,62.6,53.1,69.5,69.8,68.0,75.7,A,B+,B,B+,B+,B+,A,79.0,7.14,7.19,0
ST0402,BT2023402,Rudra Sen,Male,2023,D,58.0,66.4,73.4,70.0,67.2,68.5,64.7,B,B+,A,A,B+,B+,B+,78.7,7.14,7.28,0
ST0403,BT2023403,Pulkit Sood,Male,2023,D,77.2,76.6,70.2,74.3,87.5,73.3,88.5,A,A,A,A,A+,A,A+,76.2,8.29,8.48,0
ST0404,BT2023404,Ahana Dubey,Female,2023,D,58.2,35.9,39.5,45.3,34.7,39.8,43.4,B,F,F,C,F,F,D,78.2,2.14,3.28,4
ST0405,BT2023405,Lakshay Ali,Male,2023,D,45.7,52.4,46.5,37.5,38.0,46.3,38.1,C,B,C,F,F,C,F,81.1,3.0,3.48,3
ST0406,BT2023406,Chirag Roy,Male,2023,D,25.7,43.9,41.5,33.5,35.1,40.8,19.0,F,D,D,F,F,D,F,81.2,1.71,1.62,4
ST0407,BT2023407,Mohit Singh,Male,2023,D,64.8,74.5,61.7,66.3,69.0,75.4,69.8,B+,A,B+,B+,B+,A,B+,80.5,7.29,7.48,0
ST0408,BT2023408,Sahil Agarwal,Male,2023,D,62.3,55.9,49.5,49.5,59.3,58.1,62.2,B+,B,C,C,B,B,B+,75.0,6.0,6.19,0
ST0409,BT2023409,Vandana Ahmed,Female,2023,D,46.0,58.8,58.4,45.9,54.1,49.0,66.6,C,B,B,C,B,C,B+,74.0,5.71,6.0,0
ST0410,BT2023410,Navya Qureshi,Female,2023,D,70.2,65.4,79.4,65.2,62.0,74.3,67.6,A,B+,A,B+,B+,A,B+,78.6,7.43,7.38,0
ST0411,BT2023411,Priya Shukla,Female,2023,D,61.8,48.6,42.5,64.8,62.5,49.2,64.7,B+,C,D,B+,B+,C,B+,71.6,6.0,6.09,0
ST0412,BT2023412,Navya Roy,Female,2023,D,54.1,56.2,61.3,71.4,47.9,49.5,54.0,B,B,B+,A,C,C,B,74.9,6.14,6.0,0
ST0413,BT2023413,Ashish Goyal,Male,2023,D,67.7,75.3,68.4,71.2,65.4,70.4,61.6,B+,A,B+,A,B+,A,B+,77.6,7.43,7.33,0
ST0414,BT2023414,Daksh Singh,Male,2023,D,55.8,54.7,43.8,65.9,55.5,39.1,53.1,B,B,D,B+,B,F,B,77.0,5.0,5.81,1
ST0415,BT2023415,Ravi Bhatia,Male,2023,D,53.6,33.6,46.3,52.1,38.2,52.7,46.3,B,F,C,B,F,B,C,80.2,4.0,4.09,2
ST0416,BT2023416,Saanvi Mehta,Female,2023,D,59.3,54.7,51.6,49.6,63.8,45.1,58.5,B,B,B,C,B+,C,B,72.9,5.86,6.19,0
ST0417,BT2023417,Hardik Khan,Male,2023,D,66.2,52.4,40.7,38.3,33.1,48.8,34.4,B+,B,D,F,F,C,F,83.3,3.14,3.48,3
ST0418,BT2023418,Tarun Jain,Male,2023,D,81.8,74.2,85.0,88.5,78.7,78.3,81.6,A+,A,A+,A+,A,A,A+,77.9,8.57,8.62,0
ST0419,BT2023419,Zoya Menon,Female,2023,D,63.8,60.2,78.3,65.5,63.2,69.7,68.7,B+,B+,A,B+,B+,B+,B+,80.8,7.14,7.43,0
ST0420,BT2023420,Shreya Thakur,Female,2023,D,60.0,66.3,60.2,69.6,70.6,59.9,61.8,B+,B+,B+,B+,A,B,B+,73.0,7.0,7.24,0
ST0421,BT2023421,Kapil Dubey,Male,2023,D,68.1,68.1,66.6,73.0,61.9,77.3,50.6,B+,B+,B+,A,B+,A,B,77.4,7.14,7.0,0
ST0422,BT2023422,Parth Bhatt,Male,2023,D,57.6,48.3,58.5,44.5,53.4,50.9,54.2,B,C,B,D,B,B,B,82.1,5.57,5.9,0
ST0423,BT2023423,Miraya Bajpai,Female,2023,D,50.3,63.3,46.9,64.2,56.2,66.0,53.1,B,B+,C,B+,B,B+,B,79.1,6.29,6.0,0
ST0424,BT2023424,Hardik Reddy,Male,2023,D,68.4,55.9,68.0,55.9,60.4,52.8,58.2,B+,B,B+,B,B+,B,B,76.1,6.43,6.24,0
ST0425,BT2023425,Deepika Shukla,Female,2023,D,43.5,27.0,28.8,42.0,40.5,21.5,37.7,D,F,F,D,D,F,F,81.4,1.71,1.48,4
ST0426,BT2023426,Sumit Ansari,Male,2023,D,52.7,55.9,64.9,40.9,63.1,60.7,59.2,B,B,B+,D,B+,B+,B,79.0,6.14,6.19,0
ST0427,BT2023427,Kunal Ahmed,Male,2023,D,64.3,57.7,62.5,63.3,64.3,59.9,49.8,B+,B,B+,B+,B+,B,C,78.7,6.43,6.05,0
ST0428,BT2023428,Nikhil Chatterjee,Male,2023,D,80.6,90.6,82.9,79.2,79.3,84.4,76.7,A+,O,A+,A,A,A+,A,78.3,8.71,8.38,0
ST0429,BT2023429,Yogesh Bansal,Male,2023,D,50.7,47.2,45.7,46.1,52.4,45.0,39.7,B,C,C,C,B,C,F,81.4,4.57,4.24,1
ST0430,BT2023430,Esha Jindal,Female,2023,D,70.0,76.1,67.2,73.5,73.7,70.3,69.2,A,A,B+,A,A,A,B+,84.8,7.71,7.52,0
ST0431,BT2023431,Pari Goyal,Female,2023,D,63.3,52.8,60.5,57.0,51.1,44.7,68.5,B+,B,B+,B,B,D,B+,81.5,6.14,6.09,0
ST0432,BT2023432,Mukesh Tripathi,Male,2023,D,64.1,72.5,67.2,76.5,72.0,62.9,57.8,B+,A,B+,A,A,B+,B,83.0,7.29,7.29,0
ST0433,BT2023433,Shivam Mukherjee,Male,2023,D,48.4,59.1,52.8,50.9,59.7,50.9,56.8,C,B,B,B,B,B,B,75.2,5.86,6.05,0
ST0434,BT2023434,Aditi Chopra,Female,2023,D,74.6,78.9,58.9,61.5,76.0,62.6,71.5,A,A,B,B+,A,B+,A,77.4,7.43,7.52,0
ST0435,BT2023435,Miraya Sen,Female,2023,D,60.8,60.7,50.3,54.1,52.9,58.6,57.9,B+,B+,B,B,B,B,B,85.3,6.29,6.24,0
ST0436,BT2023436,Ananya Ali,Female,2023,D,58.3,57.9,56.2,59.8,66.4,58.7,57.1,B,B,B,B,B+,B,B,78.5,6.14,5.71,0
ST0437,BT2023437,Pranav Ansari,Male,2023,D,49.4,53.1,51.7,53.8,50.1,51.0,69.0,C,B,B,B,B,B,B+,76.2,6.0,6.0,0
ST0438,BT2023438,Lalit Reddy,Male,2023,D,65.7,63.9,62.5,75.6,60.5,73.7,68.9,B+,B+,B+,A,B+,A,B+,70.9,7.29,7.24,0
ST0439,BT2023439,Brij Jain,Male,2023,D,53.4,45.0,43.2,55.4,47.0,40.2,41.0,B,C,D,B,C,D,D,82.5,4.86,3.9,0
ST0440,BT2023440,Lalit Mukherjee,Male,2023,D,50.1,55.6,41.3,38.4,45.8,41.8,50.5,B,B,D,F,C,D,B,77.1,4.43,3.76,1
ST0441,BT2023441,Neha Patel,Female,2023,D,73.1,76.8,80.1,82.0,76.7,80.8,75.3,A,A,A+,A+,A,A+,A,86.2,8.43,8.57,0
ST0442,BT2023442,Saurabh Bhatia,Male,2023,D,40.9,40.9,42.5,38.0,45.7,50.2,39.6,D,D,D,F,C,B,F,78.7,3.29,3.62,2
ST0443,BT2023443,Yamini Tripathi,Female,2023,D,47.9,54.0,50.1,57.8,63.7,39.8,58.9,C,B,B,B,B+,F,B,80.5,5.14,5.67,1
ST0444,BT2023444,Kartik Ghosh,Male,2023,D,46.1,44.2,47.3,43.0,35.0,38.9,45.0,C,D,C,D,F,F,C,73.7,3.29,3.53,2
ST0445,BT2023445,Diya Pandey,Female,2023,D,51.0,45.4,55.7,61.9,64.2,48.9,64.9,B,C,B,B+,B+,C,B+,80.2,6.14,5.9,0
ST0446,BT2023446,Anjali Shah,Female,2023,D,82.7,70.8,79.1,71.5,73.3,79.9,82.1,A+,A,A,A,A,A,A+,72.6,8.29,8.38,0
ST0447,BT2023447,Ahana Chatterjee,Female,2023,D,64.0,60.2,73.1,68.0,73.5,59.9,63.6,B+,B+,A,B+,A,B,B+,69.5,7.14,7.24,0
ST0448,BT2023448,Arjun Aggarwal,Male,2023,D,56.4,55.9,53.1,50.6,55.7,45.4,57.8,B,B,B,B,B,C,B,73.7,5.86,6.0,0
ST0449,BT2023449,Chhaya Khanna,Female,2023,D,55.8,53.0,47.2,56.5,56.9,69.1,59.8,B,B,C,B,B,B+,B,80.6,6.0,6.14,0
ST0450,BT2023450,Pallavi Bhatia,Female,2023,D,83.1,84.0,79.5,80.9,79.6,81.4,85.9,A+,A+,A,A+,A,A+,A+,83.4,8.71,8.71,0
ST0451,BT2023451,Sonam Iyer,Female,2023,D,77.0,77.7,82.5,73.9,85.5,82.4,80.3,A,A,A+,A,A+,A+,A+,90.4,8.57,8.43,0
ST0452,BT2023452,Avni Banerjee,Female,2023,D,81.4,84.4,79.9,85.8,86.6,90.3,82.1,A+,A+,A,A+,A+,O,A+,81.1,9.0,8.57,0
ST0453,BT2023453,Rahul Joshi,Male,2023,D,62.7,62.6,58.6,49.8,59.3,65.5,53.0,B+,B+,B,C,B,B+,B,85.8,6.29,6.34,0
ST0454,BT2023454,Abhinav Aggarwal,Male,2023,D,87.1,81.4,71.3,85.9,85.7,85.0,91.8,A+,A+,A,A+,A+,A+,O,86.1,9.0,8.71,0
ST0455,BT2023455,Muskan Kumar,Female,2023,D,83.8,80.7,78.4,85.2,82.1,84.3,82.7,A+,A+,A,A+,A+,A+,A+,79.8,8.86,8.57,0
ST0456,BT2023456,Rachit Bhatt,Male,2023,D,80.2,81.8,86.5,86.5,69.9,93.4,80.2,A+,A+,A+,A+,B+,O,A+,78.3,8.86,8.76,0
ST0457,BT2023457,Sachin Sen,Male,2023,D,80.6,75.2,74.1,75.2,74.9,78.1,75.2,A+,A,A,A,A,A,A,72.2,8.14,8.38,0
ST0458,BT2023458,Anjali Patel,Female,2023,D,79.8,87.4,85.4,73.9,76.0,83.4,87.9,A,A+,A+,A,A,A+,A+,86.0,8.57,8.43,0
ST0459,BT2023459,Anika Khan,Female,2023,D,39.0,49.1,53.6,54.5,44.6,46.7,36.3,F,C,B,B,D,C,F,74.5,3.71,2.86,2
ST0460,BT2023460,Anvi Dubey,Female,2023,D,47.3,32.8,30.0,52.5,24.6,32.2,31.2,C,F,F,B,F,F,F,74.3,1.57,1.62,5
ST0461,BT2023461,Ruchi Dixit,Female,2023,D,40.1,51.4,38.5,36.0,44.4,45.8,50.6,D,B,F,F,D,C,B,88.1,3.57,3.76,2
ST0462,BT2023462,Ravi Hussain,Male,2023,D,70.2,56.1,74.8,60.3,71.4,61.5,60.5,A,B,A,B+,A,B+,B+,73.8,7.29,7.33,0
ST0463,BT2023463,Pallavi Hussain,Female,2023,D,66.9,79.4,69.2,72.8,72.0,66.3,73.0,B+,A,B+,A,A,B+,A,85.2,7.57,7.38,0
ST0464,BT2023464,Mukesh Bajpai,Male,2023,D,78.6,61.0,74.7,76.5,69.3,67.0,69.8,A,B+,A,A,B+,B+,B+,82.9,7.43,7.43,0
ST0465,BT2023465,Shivansh Walia,Male,2023,D,43.9,47.7,45.8,41.9,47.4,51.7,43.7,D,C,C,D,C,B,D,71.6,4.71,3.67,0
ST0466,BT2023466,Anurag Kapoor,Male,2023,D,71.8,67.2,66.6,78.6,63.5,71.1,68.6,A,B+,B+,A,B+,A,B+,77.4,7.43,7.53,0
ST0467,BT2023467,Ajay Tripathi,Male,2023,D,76.0,59.0,60.9,74.2,72.5,65.3,67.1,A,B,B+,A,A,B+,B+,85.9,7.29,7.34,0
ST0468,BT2023468,Vivek Chopra,Male,2023,D,64.0,60.4,71.9,69.4,71.0,67.0,71.4,B+,B+,A,B+,A,B+,A,82.3,7.43,7.43,0
ST0469,BT2023469,Falguni Hussain,Female,2023,D,54.5,58.4,53.3,56.8,56.2,49.3,51.6,B,B,B,B,B,C,B,86.3,5.86,6.1,0
ST0470,BT2023470,Parth Nair,Male,2023,D,52.3,57.1,63.5,47.8,58.4,59.0,43.9,B,B,B+,C,B,B,D,87.5,5.71,6.0,0
ST0471,BT2023471,Aishwarya Qureshi,Female,2023,D,33.5,48.8,38.7,39.6,33.5,24.3,47.3,F,C,F,F,F,F,C,84.9,1.43,1.53,5
ST0472,BT2023472,Siya Mishra,Female,2023,D,41.5,49.0,46.4,43.5,46.3,34.5,30.4,D,C,C,D,C,F,F,82.0,3.29,3.43,2
ST0473,BT2023473,Isha Rastogi,Female,2023,D,53.6,43.9,55.6,61.1,53.9,56.5,66.1,B,D,B,B+,B,B,B+,74.3,6.0,6.0,0
ST0474,BT2023474,Pooja Sharma,Female,2023,D,57.9,53.0,52.8,55.6,43.3,52.0,58.8,B,B,B,B,D,B,B,70.7,5.71,5.81,0
ST0475,BT2023475,Dev Ali,Male,2023,D,71.8,87.2,78.0,80.5,80.3,85.7,80.4,A,A+,A,A+,A+,A+,A+,84.8,8.71,8.52,0
ST0476,BT2023476,Vineet Qureshi,Male,2023,D,36.0,41.5,43.3,39.1,44.5,59.8,42.2,F,D,D,F,D,B,D,84.0,3.14,3.76,2
ST0477,BT2023477,Jasmine Roy,Female,2023,D,80.4,80.0,78.5,79.6,76.3,84.7,90.0,A+,A+,A,A,A,A+,O,85.8,8.71,8.57,0
ST0478,BT2023478,Rudra Pandey,Male,2023,D,37.5,46.0,44.5,41.1,51.9,52.6,47.2,F,C,D,D,B,B,C,77.8,4.29,3.19,1
ST0479,BT2023479,Anika Rajput,Female,2023,D,51.9,53.1,51.5,50.0,56.8,55.3,49.6,B,B,B,B,B,B,C,72.4,5.86,5.95,0
ST0480,BT2023480,Dhyan Agarwal,Male,2023,D,36.7,43.2,40.4,37.4,35.8,35.5,48.8,F,D,D,F,F,F,C,73.5,1.86,3.33,4
ST0481,BT2023481,Eshan Narang,Male,2023,D,61.5,67.9,48.5,58.3,67.4,58.4,54.2,B+,B+,C,B,B+,B,B,81.0,6.29,6.1,0
ST0482,BT2023482,Anjali Goyal,Female,2023,D,75.0,67.5,73.3,75.6,58.4,69.8,72.2,A,B+,A,A,B,B+,A,83.9,7.43,7.52,0
ST0483,BT2023483,Laxmi Bajpai,Female,2023,D,68.9,62.5,67.1,61.0,65.2,60.5,64.4,B+,B+,B+,B+,B+,B+,B+,77.0,7.0,7.1,0
ST0484,BT2023484,Ritesh Mishra,Male,2023,D,54.5,52.1,44.0,62.0,53.5,66.3,51.5,B,B,D,B+,B,B+,B,78.8,6.0,6.19,0
ST0485,BT2023485,Aishwarya Sood,Female,2023,D,67.2,73.3,58.1,62.7,70.0,56.8,57.8,B+,A,B,B+,A,B,B,69.3,6.86,7.15,0
ST0486,BT2023486,Neeraj Naidu,Male,2023,D,78.0,81.0,78.8,85.6,89.5,72.3,80.3,A,A+,A,A+,A+,A,A+,76.8,8.57,8.67,0
ST0487,BT2023487,Naveen Ahmed,Male,2023,D,32.8,53.9,28.9,35.8,33.9,32.0,53.2,F,B,F,F,F,F,B,74.2,1.71,1.38,5
ST0488,BT2023488,Paras Malhotra,Male,2023,D,82.8,87.1,77.6,86.4,79.6,81.1,85.1,A+,A+,A,A+,A,A+,A+,82.0,8.71,8.57,0
ST0489,BT2023489,Veer Tripathi,Male,2023,D,37.2,36.7,45.4,38.4,46.3,40.2,35.2,F,F,C,F,C,D,F,69.9,2.0,3.33,4
ST0490,BT2023490,Riddhi Agarwal,Female,2023,D,69.9,62.0,62.7,73.0,75.3,67.0,64.5,B+,B+,B+,A,A,B+,B+,76.3,7.29,7.19,0
ST0491,BT2023491,Nidhi Kohli,Female,2023,D,49.8,57.0,46.9,49.4,57.8,51.7,55.2,C,B,C,C,B,B,B,69.1,5.57,6.1,0
ST0492,BT2023492,Ananya Jain,Female,2023,D,53.5,60.1,52.4,55.3,55.8,46.6,59.7,B,B+,B,B,B,C,B,70.4,6.0,6.1,0
ST0493,BT2023493,Miraya Bhatt,Female,2023,D,76.6,66.8,60.8,68.5,75.4,76.6,70.0,A,B+,B+,B+,A,A,A,86.0,7.57,7.62,0
ST0494,BT2023494,Kiara Solanki,Female,2023,D,54.4,63.9,56.6,61.5,67.4,71.5,63.9,B,B+,B,B+,B+,A,B+,82.3,6.86,7.05,0
ST0495,BT2023495,Disha Chaudhary,Female,2023,D,55.3,54.3,67.0,60.5,58.3,55.0,51.4,B,B,B+,B+,B,B,B,79.6,6.29,6.05,0
ST0496,BT2023496,Ravi Yadav,Male,2023,D,52.7,52.8,55.4,57.1,56.9,53.9,50.1,B,B,B,B,B,B,B,81.3,6.0,6.0,0
ST0497,BT2023497,Kunal Garg,Male,2023,D,83.9,89.6,82.7,72.5,75.4,73.5,83.2,A+,A+,A+,A,A,A,A+,75.3,8.57,8.66,0
ST0498,BT2023498,Ruchi Jain,Female,2023,D,67.0,62.7,64.8,65.2,72.1,68.7,69.1,B+,B+,B+,B+,A,B+,B+,77.1,7.14,7.1,0
ST0499,BT2023499,Prerna Pillai,Female,2023,D,50.6,45.4,52.5,41.1,51.7,47.9,57.2,B,C,B,D,B,C,B,76.1,5.43,5.57,0
ST0500,BT2023500,Tushar Siddiqui,Male,2023,D,62.0,55.4,54.2,59.1,52.7,44.5,59.6,B+,B,B,B,B,D,B,82.5,5.86,6.19,0
